Workbook

Sheet 완제품
A1: BF 제품 회전율 현황 (완제품) | H1: =TODAY() -> 45803 | S1: 회전등급
S2: A | T2: B | V2: C
S3: 회전월 =< 1 | T3: 1 < 회전월 =< 4 | V3: 회전월 > 4
S4: * 저회전 : 회전율 0.1 미만
D6: 재고 | H6: 출고 | O6: 생산 | S6: 재고분석 | W6: 월 생산량(2025) | AH6: 단위 : kg | AI6: 월별 출고량(2024) | AU6: 월별 출고량(2025) | BG6: 월말 재고량(2024) | BS6: 월말 재고량(2025) | CE6: 월 회전율 (2024) | CQ6: 월 회전율 (2025)
A7: 구분 | B7: 품목 | C7: 품목명 | D7: 규격 | E7: 원가(원) | F7: 현재고 | G7: 재고금액(원) | H7: 월 출고량 | I7: 회전월 | J7: 예상 소진일 | K7: 소비기한 | L7: 생산리드타임 | M7: 출고가능일 | N7: 수율 | O7: 생산필요 | P7: 생산량(kg) | Q7: 생산량(ea) | R7: 추가 소진일 | S7: 소진가능여부 | T7: 회전등급 | U7: 저회전 발생 | V7: 재고평가 | W7: 1 | X7: =+W7+1 -> 2 | Y7: =+X7+1 -> 3 | Z7: =+Y7+1 -> 4 | AA7: =+Z7+1 -> 5 | AB7: =+AA7+1 -> 6 | AC7: =+AB7+1 -> 7 | AD7: =+AC7+1 -> 8 | AE7: =+AD7+1 -> 9 | ... AH7: =+AG7+1 -> 12 | AI7: 1 | AJ7: =+AI7+1 -> 2 | AK7: =+AJ7+1 -> 3 | AL7: =+AK7+1 -> 4 | AM7: =+AL7+1 -> 5 | AN7: =+AM7+1 -> 6 | AO7: =+AN7+1 -> 7 | AP7: =+AO7+1 -> 8 | AQ7: =+AP7+1 -> 9 | ... AT7: =+AS7+1 -> 12 | AU7: 1 | AV7: =+AU7+1 -> 2 | AW7: =+AV7+1 -> 3 | AX7: =+AW7+1 -> 4 | AY7: =+AX7+1 -> 5 | AZ7: =+AY7+1 -> 6 | BA7: =+AZ7+1 -> 7 | BB7: =+BA7+1 -> 8 | BC7: =+BB7+1 -> 9 | ... BF7: =+BE7+1 -> 12 | BG7: 1 | BH7: =+BG7+1 -> 2 | BI7: =+BH7+1 -> 3 | BJ7: =+BI7+1 -> 4 | BK7: =+BJ7+1 -> 5 | BL7: =+BK7+1 -> 6 | BM7: =+BL7+1 -> 7 | BN7: =+BM7+1 -> 8 | BO7: =+BN7+1 -> 9 | ... BR7: =+BQ7+1 -> 12 | BS7: 1 | BT7: =+BS7+1 -> 2 | BU7: =+BT7+1 -> 3 | BV7: =+BU7+1 -> 4 | BW7: =+BV7+1 -> 5 | BX7: =+BW7+1 -> 6 | BY7: =+BX7+1 -> 7 | BZ7: =+BY7+1 -> 8 | CA7: =+BZ7+1 -> 9 | ... CD7: =+CC7+1 -> 12 | CE7: 1 | CF7: =+CE7+1 -> 2 | CG7: =+CF7+1 -> 3 | CH7: =+CG7+1 -> 4 | CI7: =+CH7+1 -> 5 | CJ7: =+CI7+1 -> 6 | CK7: =+CJ7+1 -> 7 | CL7: =+CK7+1 -> 8 | CM7: =+CL7+1 -> 9 | ... CP7: =+CO7+1 -> 12 | CQ7: 1 | CR7: =+CQ7+1 -> 2 | CS7: =+CR7+1 -> 3 | CT7: =+CS7+1 -> 4 | CU7: =+CT7+1 -> 5 | CV7: =+CU7+1 -> 6 | CW7: =+CV7+1 -> 7 | CX7: =+CW7+1 -> 8 | CY7: =+CX7+1 -> 9 | ... DB7: =+DA7+1 -> 12
A8: 완제품 | B8: 325230 | C8: YWE 식물성 콜드컷 볼로냐 (국내) | D8: 0.5 | E8: =IFERROR(VLOOKUP(B8,재고DB!H:AS,38,FALSE),0) -> 4800 | F8: =SUMIF(재고DB!$H:$H,완제품!$B8,재고DB!$AB:$AB) -> 1526 | G8: =+E8*F8 -> 7324800 | H8: =IFERROR(VLOOKUP(B8,출고량!$A:$D,4,FALSE),0) -> 141.3871 | I8: =IFERROR(F8/H8,0) -> 10.793064 | J8: =IF(F8=0,"재고없음",IF(H8=0,"출고없음",$H$1+I8*30)) -> 46126.792 | K8: =IF(F8=0,"재고없음",IFERROR(VLOOKUP(B8,재고DB!H:BU,66,FALSE),0)) -> 45924 | L8: 28 | M8: =+L8+$H$1 -> 45831 | N8: 0.9 | O8: =IFERROR(IF(M8-J8>0,"O","X"),"없음") -> X | P8: 0 | Q8: =+P8/D8*N8 -> 0 | R8: =IFERROR((Q8+F8)/H8*30+$H$1,"없음") -> 46126.792 | S8: =IFERROR(IF(J8="출고없음","X",IF(K8-J8>0,"O","X")),0) -> X | T8: =IF(J8="출고없음",$V$2,IF(I8=0,"-",IF(I8<=1,$S$2,IF(AND(I8>1,I8<=4),$T$2,$V$2)))) -> C | U8: =COUNTIF(CH8:CS8,"<0.1")+COUNTIF(CH8:CS8,"=미출고") -> 3 | V8: =IF(AND(S8="X",T8="C",U8>4),"단산검토",IF(AND(S8="X",T8="C"),"소진계획필요","판매활성화")) -> 소진계획필요 | X8: 300 | AI8: 0 | AJ8: 0 | AK8: 0 | AL8: 0 | AM8: 0 | AN8: 24 | AO8: 612 | AP8: 3295 | AQ8: 3616 | AR8: 3050 | AS8: 243 | AT8: 219 | AU8: 176 | AV8: 141 | AW8: 525 | AX8: 141 | BG8: 0 | BH8: 0 | BI8: 0 | BJ8: 0 | BK8: 0 | BL8: 876 | BM8: 2234 | BN8: 2625 | BO8: 1931 | BP8: 2005 | BQ8: 2292 | BR8: 2073 | BS8: 1855 | BT8: 1713 | BU8: 1750 | CE8: =IF(AND(AI8=0,BG8=0),"출시전",IF(AND(AI8=0,BG8>0),"미출고",AI8/BG8)) -> 출시전 | CF8: =IF(AND(AJ8=0,BH8=0),"출시전",IF(AND(AJ8=0,BH8>0),"미출고",AJ8/BH8)) -> 출시전 | CG8: =IF(AND(AK8=0,BI8=0),"출시전",IF(AND(AK8=0,BI8>0),"미출고",AK8/BI8)) -> 출시전 | CH8: =IF(AND(AL8=0,BJ8=0),"출시전",IF(AND(AL8=0,BJ8>0),"미출고",AL8/BJ8)) -> 출시전 | CI8: =IF(AND(AM8=0,BK8=0),"출시전",IF(AND(AM8=0,BK8>0),"미출고",AM8/BK8)) -> 출시전 | CJ8: =IF(AND(AN8=0,BL8=0),"출시전",IF(AND(AN8=0,BL8>0),"미출고",AN8/BL8)) -> 0.02739726 | CK8: =IF(AND(AO8=0,BM8=0),"출시전",IF(AND(AO8=0,BM8>0),"미출고",AO8/BM8)) -> 0.27394808 | CL8: =IF(AND(AP8=0,BN8=0),"출시전",IF(AND(AP8=0,BN8>0),"미출고",AP8/BN8)) -> 1.2552381 | ... CS8: =IF(AND(AW8=0,BU8=0),"출시전",IF(AND(AW8=0,BU8>0),"미출고",AW8/BU8)) -> 0.3
A9: 완제품 | B9: 259276 | C9: 베러미트 식물성 프랑크 소시지 | D9: 1.05 | E9: =IFERROR(VLOOKUP(B9,재고DB!H:AS,38,FALSE),0) -> 11568 | F9: =SUMIF(재고DB!$H:$H,완제품!$B9,재고DB!$AB:$AB)+2500 -> 3868 | G9: =+E9*F9 -> 44745024 | H9: =IFERROR(VLOOKUP(B9,출고량!$A:$D,4,FALSE),0) -> 2803.0645 | I9: =IFERROR(F9/H9,0) -> 1.3799183 | J9: =IF(F9=0,"재고없음",IF(H9=0,"출고없음",$H$1+I9*30)) -> 45844.398 | K9: =IF(F9=0,"재고없음",IFERROR(VLOOKUP(B9,재고DB!H:BU,66,FALSE),0)) -> 46032 | L9: 28 | M9: =+L9+$H$1 -> 45831 | N9: 0.88 | O9: =IFERROR(IF(M9-J9>0,"O","X"),"없음") -> X | Q9: =+P9/D9*N9 -> 0 | R9: =IFERROR((Q9+F9)/H9*30+$H$1,"없음") -> 45844.398 | S9: =IFERROR(IF(J9="출고없음","X",IF(K9-J9>0,"O","X")),0) -> O | T9: =IF(J9="출고없음",$V$2,IF(I9=0,"-",IF(I9<=1,$S$2,IF(AND(I9>1,I9<=4),$T$2,$V$2)))) -> B | U9: =COUNTIF(CH9:CS9,"<0.1")+COUNTIF(CH9:CS9,"=미출고") -> 0 | V9: =IF(AND(S9="X",T9="C",U9>4),"단산검토",IF(AND(S9="X",T9="C"),"소진계획필요","판매활성화")) -> 판매활성화 | X9: 2000 | Y9: 2000 | Z9: 2000 | AI9: 3101 | AJ9: 2525 | AK9: 2931 | AL9: 3244 | AM9: 3192 | AN9: 3279 | AO9: 3650 | AP9: 3764 | AQ9: 3201 | AR9: 3118 | AS9: 2613 | AT9: 2691 | AU9: 2926 | AV9: 2191 | AW9: 2545 | AX9: 2581 | BG9: 3920 | BH9: 3030 | BI9: 3218 | BJ9: 3946 | BK9: 3358 | BL9: 1942 | BM9: 3202 | BN9: 2828 | BO9: 4471 | BP9: 3746 | BQ9: 4422 | BR9: 1738 | BS9: 2291 | BT9: 1806 | BU9: 1087 | CE9: =IF(AND(AI9=0,BG9=0),"출시전",IF(AND(AI9=0,BG9>0),"미출고",AI9/BG9)) -> 0.79107143 | CF9: =IF(AND(AJ9=0,BH9=0),"출시전",IF(AND(AJ9=0,BH9>0),"미출고",AJ9/BH9)) -> 0.83333333 | CG9: =IF(AND(AK9=0,BI9=0),"출시전",IF(AND(AK9=0,BI9>0),"미출고",AK9/BI9)) -> 0.91081417 | CH9: =IF(AND(AL9=0,BJ9=0),"출시전",IF(AND(AL9=0,BJ9>0),"미출고",AL9/BJ9)) -> 0.82209833 | CI9: =IF(AND(AM9=0,BK9=0),"출시전",IF(AND(AM9=0,BK9>0),"미출고",AM9/BK9)) -> 0.95056581 | CJ9: =IF(AND(AN9=0,BL9=0),"출시전",IF(AND(AN9=0,BL9>0),"미출고",AN9/BL9)) -> 1.6884655 | CK9: =IF(AND(AO9=0,BM9=0),"출시전",IF(AND(AO9=0,BM9>0),"미출고",AO9/BM9)) -> 1.1399126 | CL9: =IF(AND(AP9=0,BN9=0),"출시전",IF(AND(AP9=0,BN9>0),"미출고",AP9/BN9)) -> 1.330976 | ... CS9: =IF(AND(AW9=0,BU9=0),"출시전",IF(AND(AW9=0,BU9>0),"미출고",AW9/BU9)) -> 2.3413063
A10: 완제품 | B10: 321731 | C10: 베러미트 그릴드 프랑크 소시지 | D10: 1.05 | E10: =IFERROR(VLOOKUP(B10,재고DB!H:AS,38,FALSE),0) -> 0 | F10: =SUMIF(재고DB!$H:$H,완제품!$B10,재고DB!$AB:$AB) -> 0 | G10: =+E10*F10 -> 0 | H10: =IFERROR(VLOOKUP(B10,출고량!$A:$D,4,FALSE),0) -> 0 | I10: =IFERROR(F10/H10,0) -> 0 | J10: =IF(F10=0,"재고없음",IF(H10=0,"출고없음",$H$1+I10*30)) -> 재고없음 | K10: =IF(F10=0,"재고없음",IFERROR(VLOOKUP(B10,재고DB!H:BU,66,FALSE),0)) -> 재고없음 | L10: 0 | M10: =+L10+$H$1 -> 45803 | N10: 0.86 | O10: =IFERROR(IF(M10-J10>0,"O","X"),"없음") -> 없음 | P10: 0 | Q10: =+P10/D10*N10 -> 0 | R10: =IFERROR((Q10+F10)/H10*30+$H$1,"없음") -> 없음 | S10: =IFERROR(IF(J10="출고없음","X",IF(K10-J10>0,"O","X")),0) -> 0 | T10: =IF(J10="출고없음",$V$2,IF(I10=0,"-",IF(I10<=1,$S$2,IF(AND(I10>1,I10<=4),$T$2,$V$2)))) -> - | U10: =COUNTIF(CH10:CS10,"<0.1")+COUNTIF(CH10:CS10,"=미출고") -> 5 | V10: =IF(AND(S10="X",T10="C",U10>4),"단산검토",IF(AND(S10="X",T10="C"),"소진계획필요","판매활성화")) -> 판매활성화 | AI10: 0 | AJ10: 0 | AK10: 44 | AL10: 3 | AM10: 1 | AN10: 5 | AO10: 17 | AP10: 2 | AQ10: 1 | AR10: 49 | AS10: 0 | AT10: 0 | AU10: 0 | AV10: 0 | AW10: 0 | AX10: 0 | BG10: 0 | BH10: 120 | BI10: 77 | BJ10: 73 | BK10: 70 | BL10: 65 | BM10: 48 | BN10: 46 | BO10: 46 | BP10: 49 | BQ10: 0 | BR10: 0 | BS10: 0 | BT10: 0 | BU10: 0 | CE10: =IF(AND(AI10=0,BG10=0),"출시전",IF(AND(AI10=0,BG10>0),"미출고",AI10/BG10)) -> 출시전 | CF10: =IF(AND(AJ10=0,BH10=0),"출시전",IF(AND(AJ10=0,BH10>0),"미출고",AJ10/BH10)) -> 미출고 | CG10: =IF(AND(AK10=0,BI10=0),"출시전",IF(AND(AK10=0,BI10>0),"미출고",AK10/BI10)) -> 0.57142857 | CH10: =IF(AND(AL10=0,BJ10=0),"출시전",IF(AND(AL10=0,BJ10>0),"미출고",AL10/BJ10)) -> 0.04109589 | CI10: =IF(AND(AM10=0,BK10=0),"출시전",IF(AND(AM10=0,BK10>0),"미출고",AM10/BK10)) -> 0.014285714 | CJ10: =IF(AND(AN10=0,BL10=0),"출시전",IF(AND(AN10=0,BL10>0),"미출고",AN10/BL10)) -> 0.076923077 | CK10: =IF(AND(AO10=0,BM10=0),"출시전",IF(AND(AO10=0,BM10>0),"미출고",AO10/BM10)) -> 0.35416667 | CL10: =IF(AND(AP10=0,BN10=0),"출시전",IF(AND(AP10=0,BN10>0),"미출고",AP10/BN10)) -> 0.043478261 | ... CS10: =IF(AND(AW10=0,BU10=0),"출시전",IF(AND(AW10=0,BU10>0),"미출고",AW10/BU10)) -> 출시전
A11: 완제품 | B11: 326323 | C11: 리얼 민스 | D11: 5 | E11: =IFERROR(VLOOKUP(B11,재고DB!H:AS,38,FALSE),0) -> 0 | F11: =SUMIF(재고DB!$H:$H,완제품!$B11,재고DB!$AB:$AB) -> 0 | G11: =+E11*F11 -> 0 | H11: =IFERROR(VLOOKUP(B11,출고량!$A:$D,4,FALSE),0) -> 15.225806 | I11: =IFERROR(F11/H11,0) -> 0 | J11: =IF(F11=0,"재고없음",IF(H11=0,"출고없음",$H$1+I11*30)) -> 재고없음 | K11: =IF(F11=0,"재고없음",IFERROR(VLOOKUP(B11,재고DB!H:BU,66,FALSE),0)) -> 재고없음 | L11: 0 | M11: =+L11+$H$1 -> 45803 | N11: 0.86 | O11: =IFERROR(IF(M11-J11>0,"O","X"),"없음") -> 없음 | P11: 0 | Q11: =+P11/D11*N11 -> 0 | R11: =IFERROR((Q11+F11)/H11*30+$H$1,"없음") -> 45803 | S11: =IFERROR(IF(J11="출고없음","X",IF(K11-J11>0,"O","X")),0) -> 0 | T11: =IF(J11="출고없음",$V$2,IF(I11=0,"-",IF(I11<=1,$S$2,IF(AND(I11>1,I11<=4),$T$2,$V$2)))) -> - | U11: =COUNTIF(CH11:CS11,"<0.1")+COUNTIF(CH11:CS11,"=미출고") -> 3 | V11: =IF(AND(S11="X",T11="C",U11>4),"단산검토",IF(AND(S11="X",T11="C"),"소진계획필요","판매활성화")) -> 판매활성화 | AI11: 0 | AJ11: 0 | AK11: 0 | AL11: 0 | AM11: 0 | AN11: 1 | AO11: 8 | AP11: 98 | AQ11: 40 | AR11: 106 | AS11: 104 | AT11: 0 | AU11: 64 | AV11: 0 | AW11: 52 | AX11: 59 | BG11: 0 | BH11: 0 | BI11: 0 | BJ11: 0 | BK11: 0 | BL11: 17 | BM11: 9 | BN11: 107 | BO11: 67 | BP11: 226 | BQ11: 174 | BR11: 174 | BS11: 110 | BT11: 110 | BU11: 59 | CE11: =IF(AND(AI11=0,BG11=0),"출시전",IF(AND(AI11=0,BG11>0),"미출고",AI11/BG11)) -> 출시전 | CF11: =IF(AND(AJ11=0,BH11=0),"출시전",IF(AND(AJ11=0,BH11>0),"미출고",AJ11/BH11)) -> 출시전 | CG11: =IF(AND(AK11=0,BI11=0),"출시전",IF(AND(AK11=0,BI11>0),"미출고",AK11/BI11)) -> 출시전 | CH11: =IF(AND(AL11=0,BJ11=0),"출시전",IF(AND(AL11=0,BJ11>0),"미출고",AL11/BJ11)) -> 출시전 | CI11: =IF(AND(AM11=0,BK11=0),"출시전",IF(AND(AM11=0,BK11>0),"미출고",AM11/BK11)) -> 출시전 | CJ11: =IF(AND(AN11=0,BL11=0),"출시전",IF(AND(AN11=0,BL11>0),"미출고",AN11/BL11)) -> 0.058823529 | CK11: =IF(AND(AO11=0,BM11=0),"출시전",IF(AND(AO11=0,BM11>0),"미출고",AO11/BM11)) -> 0.88888889 | CL11: =IF(AND(AP11=0,BN11=0),"출시전",IF(AND(AP11=0,BN11>0),"미출고",AP11/BN11)) -> 0.91588785 | ... CS11: =IF(AND(AW11=0,BU11=0),"출시전",IF(AND(AW11=0,BU11>0),"미출고",AW11/BU11)) -> 0.88135593
A12: 완제품 | B12: 333524 | C12: 유아왓유잇 식물성 너겟 | D12: 1 | E12: =IFERROR(VLOOKUP(B12,재고DB!H:AS,38,FALSE),0) -> 6883 | F12: =SUMIF(재고DB!$H:$H,완제품!$B12,재고DB!$AB:$AB) -> 1762 | G12: =+E12*F12 -> 12127846 | H12: =IFERROR(VLOOKUP(B12,출고량!$A:$D,4,FALSE),0) -> 74.419355 | I12: =IFERROR(F12/H12,0) -> 23.676636 | J12: =IF(F12=0,"재고없음",IF(H12=0,"출고없음",$H$1+I12*30)) -> 46513.299 | K12: =IF(F12=0,"재고없음",IFERROR(VLOOKUP(B12,재고DB!H:BU,66,FALSE),0)) -> 45878 | L12: 42 | M12: =+L12+$H$1 -> 45845 | N12: 0.9 | O12: =IFERROR(IF(M12-J12>0,"O","X"),"없음") -> X | P12: 0 | Q12: =+P12/D12*N12 -> 0 | R12: =IFERROR((Q12+F12)/H12*30+$H$1,"없음") -> 46513.299 | S12: =IFERROR(IF(J12="출고없음","X",IF(K12-J12>0,"O","X")),0) -> X | T12: =IF(J12="출고없음",$V$2,IF(I12=0,"-",IF(I12<=1,$S$2,IF(AND(I12>1,I12<=4),$T$2,$V$2)))) -> C | U12: =COUNTIF(CH12:CS12,"<0.1")+COUNTIF(CH12:CS12,"=미출고") -> 6 | V12: =IF(AND(S12="X",T12="C",U12>4),"단산검토",IF(AND(S12="X",T12="C"),"소진계획필요","판매활성화")) -> 단산검토 | AI12: 0 | AJ12: 0 | AK12: 0 | AL12: 0 | AM12: 0 | AN12: 0 | AO12: 0 | AP12: 11 | AQ12: 20 | AR12: 174 | AS12: 293 | AT12: 314 | AU12: 23 | AV12: 38 | AW12: 134 | AX12: 114 | BG12: 0 | BH12: 0 | BI12: 0 | BJ12: 0 | BK12: 0 | BL12: 0 | BM12: 0 | BN12: 2917 | BO12: 2897 | BP12: 2707 | BQ12: 2430 | BR12: 2116 | BS12: 2060 | BT12: 2009 | BU12: 1921 | CE12: =IF(AND(AI12=0,BG12=0),"출시전",IF(AND(AI12=0,BG12>0),"미출고",AI12/BG12)) -> 출시전 | CF12: =IF(AND(AJ12=0,BH12=0),"출시전",IF(AND(AJ12=0,BH12>0),"미출고",AJ12/BH12)) -> 출시전 | CG12: =IF(AND(AK12=0,BI12=0),"출시전",IF(AND(AK12=0,BI12>0),"미출고",AK12/BI12)) -> 출시전 | CH12: =IF(AND(AL12=0,BJ12=0),"출시전",IF(AND(AL12=0,BJ12>0),"미출고",AL12/BJ12)) -> 출시전 | CI12: =IF(AND(AM12=0,BK12=0),"출시전",IF(AND(AM12=0,BK12>0),"미출고",AM12/BK12)) -> 출시전 | CJ12: =IF(AND(AN12=0,BL12=0),"출시전",IF(AND(AN12=0,BL12>0),"미출고",AN12/BL12)) -> 출시전 | CK12: =IF(AND(AO12=0,BM12=0),"출시전",IF(AND(AO12=0,BM12>0),"미출고",AO12/BM12)) -> 출시전 | CL12: =IF(AND(AP12=0,BN12=0),"출시전",IF(AND(AP12=0,BN12>0),"미출고",AP12/BN12)) -> 0.0037709976 | ... CS12: =IF(AND(AW12=0,BU12=0),"출시전",IF(AND(AW12=0,BU12>0),"미출고",AW12/BU12)) -> 0.069755336
A13: 완제품 | B13: 314433 | C13: 베러미트 식물성 미트볼 | D13: 1 | E13: =IFERROR(VLOOKUP(B13,재고DB!H:AS,38,FALSE),0) -> 5609 | F13: =SUMIF(재고DB!$H:$H,완제품!$B13,재고DB!$AB:$AB) -> 738 | G13: =+E13*F13 -> 4139442 | H13: =IFERROR(VLOOKUP(B13,출고량!$A:$D,4,FALSE),0) -> 332.83871 | I13: =IFERROR(F13/H13,0) -> 2.2172902 | J13: =IF(F13=0,"재고없음",IF(H13=0,"출고없음",$H$1+I13*30)) -> 45869.519 | K13: =IF(F13=0,"재고없음",IFERROR(VLOOKUP(B13,재고DB!H:BU,66,FALSE),0)) -> 46117 | L13: 28 | M13: =+L13+$H$1 -> 45831 | N13: 0.95 | O13: =IFERROR(IF(M13-J13>0,"O","X"),"없음") -> X | P13: 0 | Q13: =+P13/D13*N13 -> 0 | R13: =IFERROR((Q13+F13)/H13*30+$H$1,"없음") -> 45869.519 | S13: =IFERROR(IF(J13="출고없음","X",IF(K13-J13>0,"O","X")),0) -> O | T13: =IF(J13="출고없음",$V$2,IF(I13=0,"-",IF(I13<=1,$S$2,IF(AND(I13>1,I13<=4),$T$2,$V$2)))) -> B | U13: =COUNTIF(CH13:CS13,"<0.1")+COUNTIF(CH13:CS13,"=미출고") -> 0 | V13: =IF(AND(S13="X",T13="C",U13>4),"단산검토",IF(AND(S13="X",T13="C"),"소진계획필요","판매활성화")) -> 판매활성화 | Z13: 1500 | AI13: 1022 | AJ13: 750 | AK13: 730 | AL13: 1512 | AM13: 605 | AN13: 764 | AO13: 462 | AP13: 498 | AQ13: 1349 | AR13: 422 | AS13: 201 | AT13: 155 | AU13: 198 | AV13: 184 | AW13: 327 | AX13: 879 | BG13: 1243 | BH13: 1835 | BI13: 1112 | BJ13: 2710 | BK13: 2070 | BL13: 1343 | BM13: 3650 | BN13: 3147 | BO13: 1824 | BP13: 1376 | BQ13: 1180 | BR13: 1025 | BS13: 793 | BT13: 600 | BU13: 313 | CE13: =IF(AND(AI13=0,BG13=0),"출시전",IF(AND(AI13=0,BG13>0),"미출고",AI13/BG13)) -> 0.82220434 | CF13: =IF(AND(AJ13=0,BH13=0),"출시전",IF(AND(AJ13=0,BH13>0),"미출고",AJ13/BH13)) -> 0.40871935 | CG13: =IF(AND(AK13=0,BI13=0),"출시전",IF(AND(AK13=0,BI13>0),"미출고",AK13/BI13)) -> 0.65647482 | CH13: =IF(AND(AL13=0,BJ13=0),"출시전",IF(AND(AL13=0,BJ13>0),"미출고",AL13/BJ13)) -> 0.55793358 | CI13: =IF(AND(AM13=0,BK13=0),"출시전",IF(AND(AM13=0,BK13>0),"미출고",AM13/BK13)) -> 0.29227053 | CJ13: =IF(AND(AN13=0,BL13=0),"출시전",IF(AND(AN13=0,BL13>0),"미출고",AN13/BL13)) -> 0.56887565 | CK13: =IF(AND(AO13=0,BM13=0),"출시전",IF(AND(AO13=0,BM13>0),"미출고",AO13/BM13)) -> 0.12657534 | CL13: =IF(AND(AP13=0,BN13=0),"출시전",IF(AND(AP13=0,BN13>0),"미출고",AP13/BN13)) -> 0.15824595 | ... CS13: =IF(AND(AW13=0,BU13=0),"출시전",IF(AND(AW13=0,BU13>0),"미출고",AW13/BU13)) -> 1.0447284
A14: 완제품 | B14: 317361 | C14: 베러미트 식물성 민스 | D14: 4 | E14: =IFERROR(VLOOKUP(B14,재고DB!H:AS,38,FALSE),0) -> 17230 | F14: =SUMIF(재고DB!$H:$H,완제품!$B14,재고DB!$AB:$AB) -> 157 | G14: =+E14*F14 -> 2705110 | H14: =IFERROR(VLOOKUP(B14,출고량!$A:$D,4,FALSE),0) -> 129.74194 | I14: =IFERROR(F14/H14,0) -> 1.2100945 | J14: =IF(F14=0,"재고없음",IF(H14=0,"출고없음",$H$1+I14*30)) -> 45839.303 | K14: =IF(F14=0,"재고없음",IFERROR(VLOOKUP(B14,재고DB!H:BU,66,FALSE),0)) -> 45997 | L14: 28 | M14: =+L14+$H$1 -> 45831 | N14: 0.95 | O14: =IFERROR(IF(M14-J14>0,"O","X"),"없음") -> X | P14: 0 | Q14: =+P14/D14*N14 -> 0 | R14: =IFERROR((Q14+F14)/H14*30+$H$1,"없음") -> 45839.303 | S14: =IFERROR(IF(J14="출고없음","X",IF(K14-J14>0,"O","X")),0) -> O | T14: =IF(J14="출고없음",$V$2,IF(I14=0,"-",IF(I14<=1,$S$2,IF(AND(I14>1,I14<=4),$T$2,$V$2)))) -> B | U14: =COUNTIF(CH14:CS14,"<0.1")+COUNTIF(CH14:CS14,"=미출고") -> 0 | V14: =IF(AND(S14="X",T14="C",U14>4),"단산검토",IF(AND(S14="X",T14="C"),"소진계획필요","판매활성화")) -> 판매활성화 | AI14: 63 | AJ14: 57 | AK14: 60 | AL14: 369 | AM14: 281 | AN14: 536 | AO14: 587 | AP14: 239 | AQ14: 394 | AR14: 161 | AS14: 403 | AT14: 116 | AU14: 127 | AV14: 138 | AW14: 123 | AX14: 216 | BG14: 363 | BH14: 306 | BI14: 619 | BJ14: 242 | BK14: 949 | BL14: 1178 | BM14: 1089 | BN14: 1355 | BO14: 957 | BP14: 791 | BQ14: 391 | BR14: 771 | BS14: 602 | BT14: 491 | BU14: 437 | CE14: =IF(AND(AI14=0,BG14=0),"출시전",IF(AND(AI14=0,BG14>0),"미출고",AI14/BG14)) -> 0.17355372 | CF14: =IF(AND(AJ14=0,BH14=0),"출시전",IF(AND(AJ14=0,BH14>0),"미출고",AJ14/BH14)) -> 0.18627451 | CG14: =IF(AND(AK14=0,BI14=0),"출시전",IF(AND(AK14=0,BI14>0),"미출고",AK14/BI14)) -> 0.096930533 | CH14: =IF(AND(AL14=0,BJ14=0),"출시전",IF(AND(AL14=0,BJ14>0),"미출고",AL14/BJ14)) -> 1.5247934 | CI14: =IF(AND(AM14=0,BK14=0),"출시전",IF(AND(AM14=0,BK14>0),"미출고",AM14/BK14)) -> 0.29610116 | CJ14: =IF(AND(AN14=0,BL14=0),"출시전",IF(AND(AN14=0,BL14>0),"미출고",AN14/BL14)) -> 0.45500849 | CK14: =IF(AND(AO14=0,BM14=0),"출시전",IF(AND(AO14=0,BM14>0),"미출고",AO14/BM14)) -> 0.53902663 | CL14: =IF(AND(AP14=0,BN14=0),"출시전",IF(AND(AP14=0,BN14>0),"미출고",AP14/BN14)) -> 0.17638376 | ... CS14: =IF(AND(AW14=0,BU14=0),"출시전",IF(AND(AW14=0,BU14>0),"미출고",AW14/BU14)) -> 0.28146453
A15: 완제품 | B15: 314432 | C15: 베러미트 식물성 소시지패티 (단산) | D15: 1.04 | E15: =IFERROR(VLOOKUP(B15,재고DB!H:AS,38,FALSE),0) -> 0 | F15: =SUMIF(재고DB!$H:$H,완제품!$B15,재고DB!$AB:$AB) -> 0 | G15: =+E15*F15 -> 0 | H15: =IFERROR(VLOOKUP(B15,출고량!$A:$D,4,FALSE),0) -> 38.870968 | I15: =IFERROR(F15/H15,0) -> 0 | J15: =IF(F15=0,"재고없음",IF(H15=0,"출고없음",$H$1+I15*30)) -> 재고없음 | K15: =IF(F15=0,"재고없음",IFERROR(VLOOKUP(B15,재고DB!H:BU,66,FALSE),0)) -> 재고없음 | L15: 28 | M15: =+L15+$H$1 -> 45831 | N15: 0.95 | O15: =IFERROR(IF(M15-J15>0,"O","X"),"없음") -> 없음 | P15: 0 | Q15: =+P15/D15*N15 -> 0 | R15: =IFERROR((Q15+F15)/H15*30+$H$1,"없음") -> 45803 | S15: =IFERROR(IF(J15="출고없음","X",IF(K15-J15>0,"O","X")),0) -> 0 | T15: =IF(J15="출고없음",$V$2,IF(I15=0,"-",IF(I15<=1,$S$2,IF(AND(I15>1,I15<=4),$T$2,$V$2)))) -> - | U15: =COUNTIF(CH15:CS15,"<0.1")+COUNTIF(CH15:CS15,"=미출고") -> 5 | V15: =IF(AND(S15="X",T15="C",U15>4),"단산검토",IF(AND(S15="X",T15="C"),"소진계획필요","판매활성화")) -> 판매활성화 | AI15: 38 | AJ15: 256 | AK15: 842 | AL15: 1283 | AM15: 963 | AN15: 591 | AO15: 97 | AP15: 53 | AQ15: 128 | AR15: 47 | AS15: 82 | AT15: 63 | AU15: 215 | AV15: 88 | AW15: 182 | AX15: 139 | BG15: 2069 | BH15: 1897 | BI15: 1055 | BJ15: 1487 | BK15: 2002 | BL15: 1463 | BM15: 1366 | BN15: 1313 | BO15: 1187 | BP15: 1138 | BQ15: 1056 | BR15: 993 | BS15: 776 | BT15: 690 | BU15: 508 | CE15: =IF(AND(AI15=0,BG15=0),"출시전",IF(AND(AI15=0,BG15>0),"미출고",AI15/BG15)) -> 0.018366361 | CF15: =IF(AND(AJ15=0,BH15=0),"출시전",IF(AND(AJ15=0,BH15>0),"미출고",AJ15/BH15)) -> 0.13494992 | CG15: =IF(AND(AK15=0,BI15=0),"출시전",IF(AND(AK15=0,BI15>0),"미출고",AK15/BI15)) -> 0.79810427 | CH15: =IF(AND(AL15=0,BJ15=0),"출시전",IF(AND(AL15=0,BJ15>0),"미출고",AL15/BJ15)) -> 0.86281103 | CI15: =IF(AND(AM15=0,BK15=0),"출시전",IF(AND(AM15=0,BK15>0),"미출고",AM15/BK15)) -> 0.48101898 | CJ15: =IF(AND(AN15=0,BL15=0),"출시전",IF(AND(AN15=0,BL15>0),"미출고",AN15/BL15)) -> 0.40396446 | CK15: =IF(AND(AO15=0,BM15=0),"출시전",IF(AND(AO15=0,BM15>0),"미출고",AO15/BM15)) -> 0.071010249 | CL15: =IF(AND(AP15=0,BN15=0),"출시전",IF(AND(AP15=0,BN15>0),"미출고",AP15/BN15)) -> 0.040365575 | ... CS15: =IF(AND(AW15=0,BU15=0),"출시전",IF(AND(AW15=0,BU15>0),"미출고",AW15/BU15)) -> 0.35826772
A16: 완제품 | B16: 321617 | C16: 베러미트 식물성 베러패티 | D16: 1.264 | E16: =IFERROR(VLOOKUP(B16,재고DB!H:AS,38,FALSE),0) -> 7209 | F16: =SUMIF(재고DB!$H:$H,완제품!$B16,재고DB!$AB:$AB) -> 447 | G16: =+E16*F16 -> 3222423 | H16: =IFERROR(VLOOKUP(B16,출고량!$A:$D,4,FALSE),0) -> 948.25806 | I16: =IFERROR(F16/H16,0) -> 0.47139067 | J16: =IF(F16=0,"재고없음",IF(H16=0,"출고없음",$H$1+I16*30)) -> 45817.142 | K16: =IF(F16=0,"재고없음",IFERROR(VLOOKUP(B16,재고DB!H:BU,66,FALSE),0)) -> 46097 | L16: 28 | M16: =+L16+$H$1 -> 45831 | N16: 0.8439 | O16: =IFERROR(IF(M16-J16>0,"O","X"),"없음") -> O | P16: 1500 | Q16: =+P16/D16*N16 -> 1001.4636 | R16: =IFERROR((Q16+F16)/H16*30+$H$1,"없음") -> 45848.825 | S16: =IFERROR(IF(J16="출고없음","X",IF(K16-J16>0,"O","X")),0) -> O | T16: =IF(J16="출고없음",$V$2,IF(I16=0,"-",IF(I16<=1,$S$2,IF(AND(I16>1,I16<=4),$T$2,$V$2)))) -> A | U16: =COUNTIF(CH16:CS16,"<0.1")+COUNTIF(CH16:CS16,"=미출고") -> 0 | V16: =IF(AND(S16="X",T16="C",U16>4),"단산검토",IF(AND(S16="X",T16="C"),"소진계획필요","판매활성화")) -> 판매활성화 | X16: 2000 | Y16: 2000 | AI16: 200 | AJ16: 492 | AK16: 901 | AL16: 1701 | AM16: 2268 | AN16: 1528 | AO16: 1394 | AP16: 1740 | AQ16: 1318 | AR16: 1604 | AS16: 1811 | AT16: 1194 | AU16: 1122 | AV16: 919 | AW16: 1134 | AX16: 838 | BG16: 808 | BH16: 2094 | BI16: 1228 | BJ16: 2412 | BK16: 2944 | BL16: 2582 | BM16: 2216 | BN16: 2702 | BO16: 1381 | BP16: 1058 | BQ16: 2166 | BR16: 1932 | BS16: 1016 | BT16: 1558 | BU16: 1982 | CE16: =IF(AND(AI16=0,BG16=0),"출시전",IF(AND(AI16=0,BG16>0),"미출고",AI16/BG16)) -> 0.24752475 | CF16: =IF(AND(AJ16=0,BH16=0),"출시전",IF(AND(AJ16=0,BH16>0),"미출고",AJ16/BH16)) -> 0.23495702 | CG16: =IF(AND(AK16=0,BI16=0),"출시전",IF(AND(AK16=0,BI16>0),"미출고",AK16/BI16)) -> 0.73371336 | CH16: =IF(AND(AL16=0,BJ16=0),"출시전",IF(AND(AL16=0,BJ16>0),"미출고",AL16/BJ16)) -> 0.70522388 | CI16: =IF(AND(AM16=0,BK16=0),"출시전",IF(AND(AM16=0,BK16>0),"미출고",AM16/BK16)) -> 0.77038043 | CJ16: =IF(AND(AN16=0,BL16=0),"출시전",IF(AND(AN16=0,BL16>0),"미출고",AN16/BL16)) -> 0.59178931 | CK16: =IF(AND(AO16=0,BM16=0),"출시전",IF(AND(AO16=0,BM16>0),"미출고",AO16/BM16)) -> 0.62906137 | CL16: =IF(AND(AP16=0,BN16=0),"출시전",IF(AND(AP16=0,BN16>0),"미출고",AP16/BN16)) -> 0.64396743 | ... CS16: =IF(AND(AW16=0,BU16=0),"출시전",IF(AND(AW16=0,BU16>0),"미출고",AW16/BU16)) -> 0.57214934
A17: 완제품 | B17: 334659 | C17: 유아왓유잇 식물성 허브 치킨스테이크 슈레드 | D17: 0.3 | E17: =IFERROR(VLOOKUP(B17,재고DB!H:AS,38,FALSE),0) -> 2657 | F17: =SUMIF(재고DB!$H:$H,완제품!$B17,재고DB!$AB:$AB) -> 675 | G17: =+E17*F17 -> 1793475 | H17: =IFERROR(VLOOKUP(B17,출고량!$A:$D,4,FALSE),0) -> 1.5483871 | I17: =IFERROR(F17/H17,0) -> 435.9375 | J17: =IF(F17=0,"재고없음",IF(H17=0,"출고없음",$H$1+I17*30)) -> 58881.125 | K17: =IF(F17=0,"재고없음",IFERROR(VLOOKUP(B17,재고DB!H:BU,66,FALSE),0)) -> 45934 | L17: 42 | M17: =+L17+$H$1 -> 45845 | N17: 0.9 | O17: =IFERROR(IF(M17-J17>0,"O","X"),"없음") -> X | P17: 0 | Q17: =+P17/D17*N17 -> 0 | R17: =IFERROR((Q17+F17)/H17*30+$H$1,"없음") -> 58881.125 | S17: =IFERROR(IF(J17="출고없음","X",IF(K17-J17>0,"O","X")),0) -> X | T17: =IF(J17="출고없음",$V$2,IF(I17=0,"-",IF(I17<=1,$S$2,IF(AND(I17>1,I17<=4),$T$2,$V$2)))) -> C | U17: =COUNTIF(CH17:CS17,"<0.1")+COUNTIF(CH17:CS17,"=미출고") -> 4 | V17: =IF(AND(S17="X",T17="C",U17>4),"단산검토",IF(AND(S17="X",T17="C"),"소진계획필요","판매활성화")) -> 소진계획필요 | AI17: 0 | AJ17: 0 | AK17: 0 | AL17: 0 | AM17: 0 | AN17: 0 | AO17: 0 | AP17: 0 | AQ17: 0 | AR17: 91 | AS17: 2 | AT17: 80 | AU17: 11 | AV17: 2 | AW17: 4 | AX17: 6 | BG17: 0 | BH17: 0 | BI17: 0 | BJ17: 0 | BK17: 0 | BL17: 0 | BM17: 0 | BN17: 0 | BO17: 0 | BP17: 798 | BQ17: 798 | BR17: 718 | BS17: 689 | BT17: 685 | BU17: 681 | CE17: =IF(AND(AI17=0,BG17=0),"출시전",IF(AND(AI17=0,BG17>0),"미출고",AI17/BG17)) -> 출시전 | CF17: =IF(AND(AJ17=0,BH17=0),"출시전",IF(AND(AJ17=0,BH17>0),"미출고",AJ17/BH17)) -> 출시전 | CG17: =IF(AND(AK17=0,BI17=0),"출시전",IF(AND(AK17=0,BI17>0),"미출고",AK17/BI17)) -> 출시전 | CH17: =IF(AND(AL17=0,BJ17=0),"출시전",IF(AND(AL17=0,BJ17>0),"미출고",AL17/BJ17)) -> 출시전 | CI17: =IF(AND(AM17=0,BK17=0),"출시전",IF(AND(AM17=0,BK17>0),"미출고",AM17/BK17)) -> 출시전 | CJ17: =IF(AND(AN17=0,BL17=0),"출시전",IF(AND(AN17=0,BL17>0),"미출고",AN17/BL17)) -> 출시전 | CK17: =IF(AND(AO17=0,BM17=0),"출시전",IF(AND(AO17=0,BM17>0),"미출고",AO17/BM17)) -> 출시전 | CL17: =IF(AND(AP17=0,BN17=0),"출시전",IF(AND(AP17=0,BN17>0),"미출고",AP17/BN17)) -> 출시전 | ... CS17: =IF(AND(AW17=0,BU17=0),"출시전",IF(AND(AW17=0,BU17>0),"미출고",AW17/BU17)) -> 0.0058737151
A18: 완제품 | B18: 320471 | C18: 베러미트 식물성 프리미엄 런천 슬라이스 | D18: 1.08 | E18: =IFERROR(VLOOKUP(B18,재고DB!H:AS,38,FALSE),0) -> 7776 | F18: =SUMIF(재고DB!$H:$H,완제품!$B18,재고DB!$AB:$AB) -> 248 | G18: =+E18*F18 -> 1928448 | H18: =IFERROR(VLOOKUP(B18,출고량!$A:$D,4,FALSE),0) -> 721.19355 | I18: =IFERROR(F18/H18,0) -> 0.3438744 | J18: =IF(F18=0,"재고없음",IF(H18=0,"출고없음",$H$1+I18*30)) -> 45813.316 | K18: =IF(F18=0,"재고없음",IFERROR(VLOOKUP(B18,재고DB!H:BU,66,FALSE),0)) -> 46019 | L18: 28 | M18: =+L18+$H$1 -> 45831 | N18: 0.88 | O18: =IFERROR(IF(M18-J18>0,"O","X"),"없음") -> O | P18: 1500 | Q18: =+P18/D18*N18 -> 1222.2222 | R18: =IFERROR((Q18+F18)/H18*30+$H$1,"없음") -> 45864.158 | S18: =IFERROR(IF(J18="출고없음","X",IF(K18-J18>0,"O","X")),0) -> O | T18: =IF(J18="출고없음",$V$2,IF(I18=0,"-",IF(I18<=1,$S$2,IF(AND(I18>1,I18<=4),$T$2,$V$2)))) -> A | U18: =COUNTIF(CH18:CS18,"<0.1")+COUNTIF(CH18:CS18,"=미출고") -> 0 | V18: =IF(AND(S18="X",T18="C",U18>4),"단산검토",IF(AND(S18="X",T18="C"),"소진계획필요","판매활성화")) -> 판매활성화 | AA18: 1500 | AI18: 0 | AJ18: 0 | AK18: 1873 | AL18: 3955 | AM18: 3122 | AN18: 2242 | AO18: 1990 | AP18: 784 | AQ18: 927 | AR18: 673 | AS18: 610 | AT18: 1372 | AU18: 244 | AV18: 240 | AW18: 571 | AX18: 892 | BG18: 0 | BH18: 1261 | BI18: 1105 | BJ18: 5545 | BK18: 5897 | BL18: 3896 | BM18: 3182 | BN18: 2420 | BO18: 1483 | BP18: 794 | BQ18: 2361 | BR18: 989 | BS18: 2310 | BT18: 2188 | BU18: 1593 | CE18: =IF(AND(AI18=0,BG18=0),"출시전",IF(AND(AI18=0,BG18>0),"미출고",AI18/BG18)) -> 출시전 | CF18: =IF(AND(AJ18=0,BH18=0),"출시전",IF(AND(AJ18=0,BH18>0),"미출고",AJ18/BH18)) -> 미출고 | CG18: =IF(AND(AK18=0,BI18=0),"출시전",IF(AND(AK18=0,BI18>0),"미출고",AK18/BI18)) -> 1.6950226 | CH18: =IF(AND(AL18=0,BJ18=0),"출시전",IF(AND(AL18=0,BJ18>0),"미출고",AL18/BJ18)) -> 0.71325518 | CI18: =IF(AND(AM18=0,BK18=0),"출시전",IF(AND(AM18=0,BK18>0),"미출고",AM18/BK18)) -> 0.52942174 | CJ18: =IF(AND(AN18=0,BL18=0),"출시전",IF(AND(AN18=0,BL18>0),"미출고",AN18/BL18)) -> 0.57546201 | CK18: =IF(AND(AO18=0,BM18=0),"출시전",IF(AND(AO18=0,BM18>0),"미출고",AO18/BM18)) -> 0.62539283 | CL18: =IF(AND(AP18=0,BN18=0),"출시전",IF(AND(AP18=0,BN18>0),"미출고",AP18/BN18)) -> 0.32396694 | ... CS18: =IF(AND(AW18=0,BU18=0),"출시전",IF(AND(AW18=0,BU18>0),"미출고",AW18/BU18)) -> 0.35844319
A19: 완제품 | B19: 321310 | C19: 식물성 런천 200G (SPC) | D19: 0.2 | E19: =IFERROR(VLOOKUP(B19,재고DB!H:AS,38,FALSE),0) -> 2180 | F19: =SUMIF(재고DB!$H:$H,완제품!$B19,재고DB!$AB:$AB) -> 11983 | G19: =+E19*F19 -> 26122940 | H19: =IFERROR(VLOOKUP(B19,출고량!$A:$D,4,FALSE),0) -> 227.87097 | I19: =IFERROR(F19/H19,0) -> 52.586778 | J19: =IF(F19=0,"재고없음",IF(H19=0,"출고없음",$H$1+I19*30)) -> 47380.603 | K19: =IF(F19=0,"재고없음",IFERROR(VLOOKUP(B19,재고DB!H:BU,66,FALSE),0)) -> 46239 | L19: 42 | M19: =+L19+$H$1 -> 45845 | N19: 0.98 | O19: =IFERROR(IF(M19-J19>0,"O","X"),"없음") -> X | P19: 0 | Q19: =+P19/D19*N19 -> 0 | R19: =IFERROR((Q19+F19)/H19*30+$H$1,"없음") -> 47380.603 | S19: =IFERROR(IF(J19="출고없음","X",IF(K19-J19>0,"O","X")),0) -> X | T19: =IF(J19="출고없음",$V$2,IF(I19=0,"-",IF(I19<=1,$S$2,IF(AND(I19>1,I19<=4),$T$2,$V$2)))) -> C | U19: =COUNTIF(CH19:CS19,"<0.1")+COUNTIF(CH19:CS19,"=미출고") -> 7 | V19: =IF(AND(S19="X",T19="C",U19>4),"단산검토",IF(AND(S19="X",T19="C"),"소진계획필요","판매활성화")) -> 단산검토 | AI19: 3608 | AJ19: 24 | AK19: 744 | AL19: 3242 | AM19: 1426 | AN19: 962 | AO19: 745 | AP19: 913 | AQ19: 1417 | AR19: 651 | AS19: 817 | AT19: 360 | AU19: 423 | AV19: 3178 | AW19: 552 | AX19: 480 | BG19: 3816 | BH19: 15672 | BI19: 14928 | BJ19: 9351 | BK19: 8247 | BL19: 7623 | BM19: 6927 | BN19: 18151 | BO19: 16759 | BP19: 16183 | BQ19: 15439 | BR19: 15079 | BS19: 14695 | BT19: 13015 | BU19: 12559 | CE19: =IF(AND(AI19=0,BG19=0),"출시전",IF(AND(AI19=0,BG19>0),"미출고",AI19/BG19)) -> 0.94549266 | CF19: =IF(AND(AJ19=0,BH19=0),"출시전",IF(AND(AJ19=0,BH19>0),"미출고",AJ19/BH19)) -> 0.0015313936 | CG19: =IF(AND(AK19=0,BI19=0),"출시전",IF(AND(AK19=0,BI19>0),"미출고",AK19/BI19)) -> 0.049839228 | CH19: =IF(AND(AL19=0,BJ19=0),"출시전",IF(AND(AL19=0,BJ19>0),"미출고",AL19/BJ19)) -> 0.34670089 | CI19: =IF(AND(AM19=0,BK19=0),"출시전",IF(AND(AM19=0,BK19>0),"미출고",AM19/BK19)) -> 0.17291136 | CJ19: =IF(AND(AN19=0,BL19=0),"출시전",IF(AND(AN19=0,BL19>0),"미출고",AN19/BL19)) -> 0.12619704 | CK19: =IF(AND(AO19=0,BM19=0),"출시전",IF(AND(AO19=0,BM19>0),"미출고",AO19/BM19)) -> 0.10755017 | CL19: =IF(AND(AP19=0,BN19=0),"출시전",IF(AND(AP19=0,BN19>0),"미출고",AP19/BN19)) -> 0.050300259 | ... CS19: =IF(AND(AW19=0,BU19=0),"출시전",IF(AND(AW19=0,BU19>0),"미출고",AW19/BU19)) -> 0.043952544
A20: 완제품 | B20: 323073 | C20: 식물성 런천 600G SPC 3입 | D20: 0.2 | E20: =IFERROR(VLOOKUP(B20,재고DB!H:AS,38,FALSE),0) -> 7100 | F20: =SUMIF(재고DB!$H:$H,완제품!$B20,재고DB!$AB:$AB) -> 3795 | G20: =+E20*F20 -> 26944500 | H20: =IFERROR(VLOOKUP(B20,출고량!$A:$D,4,FALSE),0) -> 13.870968 | I20: =IFERROR(F20/H20,0) -> 273.59302 | J20: =IF(F20=0,"재고없음",IF(H20=0,"출고없음",$H$1+I20*30)) -> 54010.791 | K20: =IF(F20=0,"재고없음",IFERROR(VLOOKUP(B20,재고DB!H:BU,66,FALSE),0)) -> 46078 | L20: 42 | M20: =+L20+$H$1 -> 45845 | N20: 0.98 | O20: =IFERROR(IF(M20-J20>0,"O","X"),"없음") -> X | P20: 0 | Q20: =+P20/D20*N20 -> 0 | R20: =IFERROR((Q20+F20)/H20*30+$H$1,"없음") -> 54010.791 | S20: =IFERROR(IF(J20="출고없음","X",IF(K20-J20>0,"O","X")),0) -> X | T20: =IF(J20="출고없음",$V$2,IF(I20=0,"-",IF(I20<=1,$S$2,IF(AND(I20>1,I20<=4),$T$2,$V$2)))) -> C | U20: =COUNTIF(CH20:CS20,"<0.1")+COUNTIF(CH20:CS20,"=미출고") -> 10 | V20: =IF(AND(S20="X",T20="C",U20>4),"단산검토",IF(AND(S20="X",T20="C"),"소진계획필요","판매활성화")) -> 단산검토 | AI20: 0 | AJ20: 0 | AK20: 349 | AL20: 811 | AM20: 587 | AN20: 372 | AO20: 202 | AP20: 209 | AQ20: 54 | AR20: 52 | AS20: 11 | AT20: 69 | AU20: 15 | AV20: 49 | AW20: 82 | AX20: 15 | BG20: 0 | BH20: 0 | BI20: 6208 | BJ20: 5140 | BK20: 4688 | BL20: 4397 | BM20: 4210 | BN20: 4067 | BO20: 4022 | BP20: 3977 | BQ20: 3975 | BR20: 3931 | BS20: 3881 | BT20: 3878 | BU20: 3802 | CE20: =IF(AND(AI20=0,BG20=0),"출시전",IF(AND(AI20=0,BG20>0),"미출고",AI20/BG20)) -> 출시전 | CF20: =IF(AND(AJ20=0,BH20=0),"출시전",IF(AND(AJ20=0,BH20>0),"미출고",AJ20/BH20)) -> 출시전 | CG20: =IF(AND(AK20=0,BI20=0),"출시전",IF(AND(AK20=0,BI20>0),"미출고",AK20/BI20)) -> 0.056217784 | CH20: =IF(AND(AL20=0,BJ20=0),"출시전",IF(AND(AL20=0,BJ20>0),"미출고",AL20/BJ20)) -> 0.1577821 | CI20: =IF(AND(AM20=0,BK20=0),"출시전",IF(AND(AM20=0,BK20>0),"미출고",AM20/BK20)) -> 0.12521331 | CJ20: =IF(AND(AN20=0,BL20=0),"출시전",IF(AND(AN20=0,BL20>0),"미출고",AN20/BL20)) -> 0.084603139 | CK20: =IF(AND(AO20=0,BM20=0),"출시전",IF(AND(AO20=0,BM20>0),"미출고",AO20/BM20)) -> 0.047980998 | CL20: =IF(AND(AP20=0,BN20=0),"출시전",IF(AND(AP20=0,BN20>0),"미출고",AP20/BN20)) -> 0.05138923 | ... CS20: =IF(AND(AW20=0,BU20=0),"출시전",IF(AND(AW20=0,BU20>0),"미출고",AW20/BU20)) -> 0.021567596
A21: 완제품 | B21: 323769 | C21: 베러미트 식물성 불고기 민스 | D21: 1 | E21: =IFERROR(VLOOKUP(B21,재고DB!H:AS,38,FALSE),0) -> 8300 | F21: =SUMIF(재고DB!$H:$H,완제품!$B21,재고DB!$AB:$AB) -> 2027 | G21: =+E21*F21 -> 16824100 | H21: =IFERROR(VLOOKUP(B21,출고량!$A:$D,4,FALSE),0) -> 3.7741935 | I21: =IFERROR(F21/H21,0) -> 537.06838 | J21: =IF(F21=0,"재고없음",IF(H21=0,"출고없음",$H$1+I21*30)) -> 61915.051 | K21: =IF(F21=0,"재고없음",IFERROR(VLOOKUP(B21,재고DB!H:BU,66,FALSE),0)) -> 45911 | L21: 35 | M21: =+L21+$H$1 -> 45838 | N21: 0.95 | O21: =IFERROR(IF(M21-J21>0,"O","X"),"없음") -> X | P21: 0 | Q21: =+P21/D21*N21 -> 0 | R21: =IFERROR((Q21+F21)/H21*30+$H$1,"없음") -> 61915.051 | S21: =IFERROR(IF(J21="출고없음","X",IF(K21-J21>0,"O","X")),0) -> X | T21: =IF(J21="출고없음",$V$2,IF(I21=0,"-",IF(I21<=1,$S$2,IF(AND(I21>1,I21<=4),$T$2,$V$2)))) -> C | U21: =COUNTIF(CH21:CS21,"<0.1")+COUNTIF(CH21:CS21,"=미출고") -> 11 | V21: =IF(AND(S21="X",T21="C",U21>4),"단산검토",IF(AND(S21="X",T21="C"),"소진계획필요","판매활성화")) -> 단산검토 | AI21: 0 | AJ21: 0 | AK21: 293 | AL21: 156 | AM21: 21 | AN21: 39 | AO21: 368 | AP21: 56 | AQ21: 9 | AR21: 4 | AS21: 10 | AT21: 5 | AU21: 6 | AV21: 19 | AW21: 25 | AX21: 3 | BG21: 0 | BH21: 0 | BI21: 2752 | BJ21: 2596 | BK21: 2575 | BL21: 2537 | BM21: 2168 | BN21: 2112 | BO21: 2103 | BP21: 2099 | BQ21: 2089 | BR21: 2084 | BS21: 2078 | BT21: 2058 | BU21: 2033 | CE21: =IF(AND(AI21=0,BG21=0),"출시전",IF(AND(AI21=0,BG21>0),"미출고",AI21/BG21)) -> 출시전 | CF21: =IF(AND(AJ21=0,BH21=0),"출시전",IF(AND(AJ21=0,BH21>0),"미출고",AJ21/BH21)) -> 출시전 | CG21: =IF(AND(AK21=0,BI21=0),"출시전",IF(AND(AK21=0,BI21>0),"미출고",AK21/BI21)) -> 0.10646802 | CH21: =IF(AND(AL21=0,BJ21=0),"출시전",IF(AND(AL21=0,BJ21>0),"미출고",AL21/BJ21)) -> 0.06009245 | CI21: =IF(AND(AM21=0,BK21=0),"출시전",IF(AND(AM21=0,BK21>0),"미출고",AM21/BK21)) -> 0.0081553398 | CJ21: =IF(AND(AN21=0,BL21=0),"출시전",IF(AND(AN21=0,BL21>0),"미출고",AN21/BL21)) -> 0.015372487 | CK21: =IF(AND(AO21=0,BM21=0),"출시전",IF(AND(AO21=0,BM21>0),"미출고",AO21/BM21)) -> 0.1697417 | CL21: =IF(AND(AP21=0,BN21=0),"출시전",IF(AND(AP21=0,BN21>0),"미출고",AP21/BN21)) -> 0.026515152 | ... CS21: =IF(AND(AW21=0,BU21=0),"출시전",IF(AND(AW21=0,BU21>0),"미출고",AW21/BU21)) -> 0.012297098
A22: 완제품 | B22: 326552 | C22: 베러미트 유아왓유잇 식물성 숯불직화 갈비구이 | D22: 1 | E22: =IFERROR(VLOOKUP(B22,재고DB!H:AS,38,FALSE),0) -> 0 | F22: =SUMIF(재고DB!$H:$H,완제품!$B22,재고DB!$AB:$AB) -> 0 | G22: =+E22*F22 -> 0 | H22: =IFERROR(VLOOKUP(B22,출고량!$A:$D,4,FALSE),0) -> 0 | I22: =IFERROR(F22/H22,0) -> 0 | J22: =IF(F22=0,"재고없음",IF(H22=0,"출고없음",$H$1+I22*30)) -> 재고없음 | K22: =IF(F22=0,"재고없음",IFERROR(VLOOKUP(B22,재고DB!H:BU,66,FALSE),0)) -> 재고없음 | L22: 0 | M22: =+L22+$H$1 -> 45803 | N22: 0.95 | O22: =IFERROR(IF(M22-J22>0,"O","X"),"없음") -> 없음 | P22: 0 | Q22: =+P22/D22*N22 -> 0 | R22: =IFERROR((Q22+F22)/H22*30+$H$1,"없음") -> 없음 | S22: =IFERROR(IF(J22="출고없음","X",IF(K22-J22>0,"O","X")),0) -> 0 | T22: =IF(J22="출고없음",$V$2,IF(I22=0,"-",IF(I22<=1,$S$2,IF(AND(I22>1,I22<=4),$T$2,$V$2)))) -> - | U22: =COUNTIF(CH22:CS22,"<0.1")+COUNTIF(CH22:CS22,"=미출고") -> 4 | V22: =IF(AND(S22="X",T22="C",U22>4),"단산검토",IF(AND(S22="X",T22="C"),"소진계획필요","판매활성화")) -> 판매활성화 | AI22: 0 | AJ22: 0 | AK22: 0 | AL22: 0 | AM22: 0 | AN22: 22 | AO22: 10 | AP22: 0 | AQ22: 0 | AR22: 0 | AS22: 0 | AT22: 0 | AU22: 0 | AV22: 0 | AW22: 0 | AX22: 0 | BG22: 0 | BH22: 0 | BI22: 0 | BJ22: 0 | BK22: 0 | BL22: 538 | BM22: 528 | BN22: 528 | BO22: 528 | BR22: 0 | BS22: 0 | BT22: 0 | BU22: 0 | CE22: =IF(AND(AI22=0,BG22=0),"출시전",IF(AND(AI22=0,BG22>0),"미출고",AI22/BG22)) -> 출시전 | CF22: =IF(AND(AJ22=0,BH22=0),"출시전",IF(AND(AJ22=0,BH22>0),"미출고",AJ22/BH22)) -> 출시전 | CG22: =IF(AND(AK22=0,BI22=0),"출시전",IF(AND(AK22=0,BI22>0),"미출고",AK22/BI22)) -> 출시전 | CH22: =IF(AND(AL22=0,BJ22=0),"출시전",IF(AND(AL22=0,BJ22>0),"미출고",AL22/BJ22)) -> 출시전 | CI22: =IF(AND(AM22=0,BK22=0),"출시전",IF(AND(AM22=0,BK22>0),"미출고",AM22/BK22)) -> 출시전 | CJ22: =IF(AND(AN22=0,BL22=0),"출시전",IF(AND(AN22=0,BL22>0),"미출고",AN22/BL22)) -> 0.040892193 | CK22: =IF(AND(AO22=0,BM22=0),"출시전",IF(AND(AO22=0,BM22>0),"미출고",AO22/BM22)) -> 0.018939394 | CL22: =IF(AND(AP22=0,BN22=0),"출시전",IF(AND(AP22=0,BN22>0),"미출고",AP22/BN22)) -> 미출고 | ... CS22: =IF(AND(AW22=0,BU22=0),"출시전",IF(AND(AW22=0,BU22>0),"미출고",AW22/BU22)) -> 출시전
A23: 완제품 | B23: 316950 | C23: 유아왓유잇 식물성 순대 (리뉴얼?) | D23: 1 | E23: =IFERROR(VLOOKUP(B23,재고DB!H:AS,38,FALSE),0) -> 0 | F23: =SUMIF(재고DB!$H:$H,완제품!$B23,재고DB!$AB:$AB) -> 0 | G23: =+E23*F23 -> 0 | H23: =IFERROR(VLOOKUP(B23,출고량!$A:$D,4,FALSE),0) -> 30.709677 | I23: =IFERROR(F23/H23,0) -> 0 | J23: =IF(F23=0,"재고없음",IF(H23=0,"출고없음",$H$1+I23*30)) -> 재고없음 | K23: =IF(F23=0,"재고없음",IFERROR(VLOOKUP(B23,재고DB!H:BU,66,FALSE),0)) -> 재고없음 | L23: 35 | M23: =+L23+$H$1 -> 45838 | N23: 0.95 | O23: =IFERROR(IF(M23-J23>0,"O","X"),"없음") -> 없음 | P23: 0 | Q23: =+P23/D23*N23 -> 0 | R23: =IFERROR((Q23+F23)/H23*30+$H$1,"없음") -> 45803 | S23: =IFERROR(IF(J23="출고없음","X",IF(K23-J23>0,"O","X")),0) -> 0 | T23: =IF(J23="출고없음",$V$2,IF(I23=0,"-",IF(I23<=1,$S$2,IF(AND(I23>1,I23<=4),$T$2,$V$2)))) -> - | U23: =COUNTIF(CH23:CS23,"<0.1")+COUNTIF(CH23:CS23,"=미출고") -> 8 | V23: =IF(AND(S23="X",T23="C",U23>4),"단산검토",IF(AND(S23="X",T23="C"),"소진계획필요","판매활성화")) -> 판매활성화 | AI23: 7 | AJ23: 259 | AK23: 88 | AL23: 100 | AM23: 58 | AN23: 8 | AO23: 230 | AP23: 23 | AQ23: 127 | AR23: 2 | AS23: 2 | AT23: 265 | AU23: 10 | AV23: 7 | AW23: 7 | AX23: 119 | BG23: 447 | BH23: 188 | BI23: 100 | BJ23: 100 | BK23: 792 | BL23: 784 | BM23: 559 | BN23: 547 | BO23: 404 | BP23: 401 | BQ23: 399 | BR23: 134 | BS23: 121 | BT23: 117 | BU23: 110 | CE23: =IF(AND(AI23=0,BG23=0),"출시전",IF(AND(AI23=0,BG23>0),"미출고",AI23/BG23)) -> 0.015659955 | CF23: =IF(AND(AJ23=0,BH23=0),"출시전",IF(AND(AJ23=0,BH23>0),"미출고",AJ23/BH23)) -> 1.3776596 | CG23: =IF(AND(AK23=0,BI23=0),"출시전",IF(AND(AK23=0,BI23>0),"미출고",AK23/BI23)) -> 0.88 | CH23: =IF(AND(AL23=0,BJ23=0),"출시전",IF(AND(AL23=0,BJ23>0),"미출고",AL23/BJ23)) -> 1 | CI23: =IF(AND(AM23=0,BK23=0),"출시전",IF(AND(AM23=0,BK23>0),"미출고",AM23/BK23)) -> 0.073232323 | CJ23: =IF(AND(AN23=0,BL23=0),"출시전",IF(AND(AN23=0,BL23>0),"미출고",AN23/BL23)) -> 0.010204082 | CK23: =IF(AND(AO23=0,BM23=0),"출시전",IF(AND(AO23=0,BM23>0),"미출고",AO23/BM23)) -> 0.41144902 | CL23: =IF(AND(AP23=0,BN23=0),"출시전",IF(AND(AP23=0,BN23>0),"미출고",AP23/BN23)) -> 0.042047532 | ... CS23: =IF(AND(AW23=0,BU23=0),"출시전",IF(AND(AW23=0,BU23>0),"미출고",AW23/BU23)) -> 0.063636364
A24: 완제품 | B24: 316953 | C24: 유아왓유잇 식물성 순대 (단산) | D24: 0.2 | E24: =IFERROR(VLOOKUP(B24,재고DB!H:AS,38,FALSE),0) -> 0 | F24: =SUMIF(재고DB!$H:$H,완제품!$B24,재고DB!$AB:$AB) -> 0 | G24: =+E24*F24 -> 0 | H24: =IFERROR(VLOOKUP(B24,출고량!$A:$D,4,FALSE),0) -> 2.5806452 | I24: =IFERROR(F24/H24,0) -> 0 | J24: =IF(F24=0,"재고없음",IF(H24=0,"출고없음",$H$1+I24*30)) -> 재고없음 | K24: =IF(F24=0,"재고없음",IFERROR(VLOOKUP(B24,재고DB!H:BU,66,FALSE),0)) -> 재고없음 | L24: 35 | M24: =+L24+$H$1 -> 45838 | N24: 0.95 | O24: =IFERROR(IF(M24-J24>0,"O","X"),"없음") -> 없음 | P24: 0 | Q24: =+P24/D24*N24 -> 0 | R24: =IFERROR((Q24+F24)/H24*30+$H$1,"없음") -> 45803 | S24: =IFERROR(IF(J24="출고없음","X",IF(K24-J24>0,"O","X")),0) -> 0 | T24: =IF(J24="출고없음",$V$2,IF(I24=0,"-",IF(I24<=1,$S$2,IF(AND(I24>1,I24<=4),$T$2,$V$2)))) -> - | U24: =COUNTIF(CH24:CS24,"<0.1")+COUNTIF(CH24:CS24,"=미출고") -> 11 | V24: =IF(AND(S24="X",T24="C",U24>4),"단산검토",IF(AND(S24="X",T24="C"),"소진계획필요","판매활성화")) -> 판매활성화 | AI24: 0 | AJ24: 1061 | AK24: 0 | AL24: 2608 | AM24: 5 | AN24: 1 | AO24: 5 | AP24: 25 | AQ24: 0 | AR24: 3 | AS24: 0 | AT24: 6 | AU24: 5 | AV24: 0 | AW24: 4 | AX24: 10 | BG24: 0 | BH24: 1061 | BI24: 0 | BJ24: 1200 | BK24: 1195 | BL24: 1194 | BM24: 1194 | BN24: 1164 | BO24: 1164 | BP24: 1161 | BQ24: 1161 | BR24: 1155 | BS24: 1150 | BT24: 1150 | BU24: 1146 | CE24: =IF(AND(AI24=0,BG24=0),"출시전",IF(AND(AI24=0,BG24>0),"미출고",AI24/BG24)) -> 출시전 | CF24: =IF(AND(AJ24=0,BH24=0),"출시전",IF(AND(AJ24=0,BH24>0),"미출고",AJ24/BH24)) -> 1 | CG24: =IF(AND(AK24=0,BI24=0),"출시전",IF(AND(AK24=0,BI24>0),"미출고",AK24/BI24)) -> 출시전 | CH24: =IF(AND(AL24=0,BJ24=0),"출시전",IF(AND(AL24=0,BJ24>0),"미출고",AL24/BJ24)) -> 2.1733333 | CI24: =IF(AND(AM24=0,BK24=0),"출시전",IF(AND(AM24=0,BK24>0),"미출고",AM24/BK24)) -> 0.0041841004 | CJ24: =IF(AND(AN24=0,BL24=0),"출시전",IF(AND(AN24=0,BL24>0),"미출고",AN24/BL24)) -> 0.00083752094 | CK24: =IF(AND(AO24=0,BM24=0),"출시전",IF(AND(AO24=0,BM24>0),"미출고",AO24/BM24)) -> 0.0041876047 | CL24: =IF(AND(AP24=0,BN24=0),"출시전",IF(AND(AP24=0,BN24>0),"미출고",AP24/BN24)) -> 0.021477663 | ... CS24: =IF(AND(AW24=0,BU24=0),"출시전",IF(AND(AW24=0,BU24>0),"미출고",AW24/BU24)) -> 0.0034904014
A25: 완제품 | B25: 321093 | C25: YWE 식물성 체다향 치즈 슬라이스 (단산) | D25: 0.17 | E25: =IFERROR(VLOOKUP(B25,재고DB!H:AS,38,FALSE),0) -> 0 | F25: =SUMIF(재고DB!$H:$H,완제품!$B25,재고DB!$AB:$AB) -> 0 | G25: =+E25*F25 -> 0 | H25: =IFERROR(VLOOKUP(B25,출고량!$A:$D,4,FALSE),0) -> 9.2903226 | I25: =IFERROR(F25/H25,0) -> 0 | J25: =IF(F25=0,"재고없음",IF(H25=0,"출고없음",$H$1+I25*30)) -> 재고없음 | K25: =IF(F25=0,"재고없음",IFERROR(VLOOKUP(B25,재고DB!H:BU,66,FALSE),0)) -> 재고없음 | L25: 35 | M25: =+L25+$H$1 -> 45838 | N25: 1 | O25: =IFERROR(IF(M25-J25>0,"O","X"),"없음") -> 없음 | Q25: =+P25/D25*N25 -> 0 | R25: =IFERROR((Q25+F25)/H25*30+$H$1,"없음") -> 45803 | S25: =IFERROR(IF(J25="출고없음","X",IF(K25-J25>0,"O","X")),0) -> 0 | T25: =IF(J25="출고없음",$V$2,IF(I25=0,"-",IF(I25<=1,$S$2,IF(AND(I25>1,I25<=4),$T$2,$V$2)))) -> - | U25: =COUNTIF(CH25:CS25,"<0.1")+COUNTIF(CH25:CS25,"=미출고") -> 1 | V25: =IF(AND(S25="X",T25="C",U25>4),"단산검토",IF(AND(S25="X",T25="C"),"소진계획필요","판매활성화")) -> 판매활성화 | AI25: 0 | AJ25: 0 | AK25: 0 | AL25: 0 | AM25: 0 | AN25: 843 | AO25: 958 | AP25: 8185 | AQ25: 2066 | AR25: 2984 | AS25: 2554 | AT25: 1464 | AU25: 1216 | AV25: 1571 | AW25: 816 | AX25: 36 | BG25: 0 | BH25: 0 | BI25: 0 | BJ25: 0 | BK25: 0 | BL25: 4656 | BM25: 12376 | BN25: 4347 | BO25: 2234 | BP25: 7472 | BQ25: 5041 | BR25: 3355 | BS25: 1686 | BT25: 495 | BU25: =+BT25 -> 495 | CE25: =IF(AND(AI25=0,BG25=0),"출시전",IF(AND(AI25=0,BG25>0),"미출고",AI25/BG25)) -> 출시전 | CF25: =IF(AND(AJ25=0,BH25=0),"출시전",IF(AND(AJ25=0,BH25>0),"미출고",AJ25/BH25)) -> 출시전 | CG25: =IF(AND(AK25=0,BI25=0),"출시전",IF(AND(AK25=0,BI25>0),"미출고",AK25/BI25)) -> 출시전 | CH25: =IF(AND(AL25=0,BJ25=0),"출시전",IF(AND(AL25=0,BJ25>0),"미출고",AL25/BJ25)) -> 출시전 | CI25: =IF(AND(AM25=0,BK25=0),"출시전",IF(AND(AM25=0,BK25>0),"미출고",AM25/BK25)) -> 출시전 | CJ25: =IF(AND(AN25=0,BL25=0),"출시전",IF(AND(AN25=0,BL25>0),"미출고",AN25/BL25)) -> 0.1810567 | CK25: =IF(AND(AO25=0,BM25=0),"출시전",IF(AND(AO25=0,BM25>0),"미출고",AO25/BM25)) -> 0.077407886 | CL25: =IF(AND(AP25=0,BN25=0),"출시전",IF(AND(AP25=0,BN25>0),"미출고",AP25/BN25)) -> 1.8829078 | ... CS25: =IF(AND(AW25=0,BU25=0),"출시전",IF(AND(AW25=0,BU25>0),"미출고",AW25/BU25)) -> 1.6484848
A26: 완제품 | B26: 331934 | C26: YWE 식물성 오트 휘핑크림 서강유업 1L | D26: 1 | E26: =IFERROR(VLOOKUP(B26,재고DB!H:AS,38,FALSE),0) -> 2900 | F26: =SUMIF(재고DB!$H:$H,완제품!$B26,재고DB!$AB:$AB) -> 9208 | G26: =+E26*F26 -> 26703200 | H26: =IFERROR(VLOOKUP(B26,출고량!$A:$D,4,FALSE),0) -> 4614.0968 | I26: =IFERROR(F26/H26,0) -> 1.9956235 | J26: =IF(F26=0,"재고없음",IF(H26=0,"출고없음",$H$1+I26*30)) -> 45862.869 | K26: =IF(F26=0,"재고없음",IFERROR(VLOOKUP(B26,재고DB!H:BU,66,FALSE),0)) -> 45875 | L26: =14+7 -> 21 | M26: =+L26+$H$1 -> 45824 | N26: 0.9 | O26: =IFERROR(IF(M26-J26>0,"O","X"),"없음") -> X | Q26: =+P26/D26*N26 -> 0 | R26: =IFERROR((Q26+F26)/H26*30+$H$1,"없음") -> 45862.869 | S26: =IFERROR(IF(J26="출고없음","X",IF(K26-J26>0,"O","X")),0) -> O | T26: =IF(J26="출고없음",$V$2,IF(I26=0,"-",IF(I26<=1,$S$2,IF(AND(I26>1,I26<=4),$T$2,$V$2)))) -> B | U26: =COUNTIF(CH26:CS26,"<0.1")+COUNTIF(CH26:CS26,"=미출고") -> 0 | V26: =IF(AND(S26="X",T26="C",U26>4),"단산검토",IF(AND(S26="X",T26="C"),"소진계획필요","판매활성화")) -> 판매활성화 | W26: 15000 | X26: 20000 | AI26: 0 | AJ26: 0 | AK26: 0 | AL26: 0 | AM26: 0 | AN26: 2161 | AO26: 2316 | AP26: 2529 | AQ26: 4810 | AR26: 3940 | AS26: 1620 | AT26: 5037 | AU26: 9046 | AV26: 4059 | AW26: 6010 | AX26: 3670 | BG26: 0 | BH26: 0 | BI26: 0 | BJ26: 0 | BK26: 0 | BL26: 2289 | BM26: 4581 | BN26: 2128 | BO26: 2220 | BP26: 11451 | BQ26: 9963 | BR26: 4926 | BS26: 7843 | BT26: 20994 | BU26: 16539 | CE26: =IF(AND(AI26=0,BG26=0),"출시전",IF(AND(AI26=0,BG26>0),"미출고",AI26/BG26)) -> 출시전 | CF26: =IF(AND(AJ26=0,BH26=0),"출시전",IF(AND(AJ26=0,BH26>0),"미출고",AJ26/BH26)) -> 출시전 | CG26: =IF(AND(AK26=0,BI26=0),"출시전",IF(AND(AK26=0,BI26>0),"미출고",AK26/BI26)) -> 출시전 | CH26: =IF(AND(AL26=0,BJ26=0),"출시전",IF(AND(AL26=0,BJ26>0),"미출고",AL26/BJ26)) -> 출시전 | CI26: =IF(AND(AM26=0,BK26=0),"출시전",IF(AND(AM26=0,BK26>0),"미출고",AM26/BK26)) -> 출시전 | CJ26: =IF(AND(AN26=0,BL26=0),"출시전",IF(AND(AN26=0,BL26>0),"미출고",AN26/BL26)) -> 0.94408038 | CK26: =IF(AND(AO26=0,BM26=0),"출시전",IF(AND(AO26=0,BM26>0),"미출고",AO26/BM26)) -> 0.50556647 | CL26: =IF(AND(AP26=0,BN26=0),"출시전",IF(AND(AP26=0,BN26>0),"미출고",AP26/BN26)) -> 1.1884398 | ... CS26: =IF(AND(AW26=0,BU26=0),"출시전",IF(AND(AW26=0,BU26>0),"미출고",AW26/BU26)) -> 0.36338352
A27: 완제품 | B27: 340495 | C27: 리치 휘핑크림 서강유업 | D27: 1 | E27: =IFERROR(VLOOKUP(B27,재고DB!H:AS,38,FALSE),0) -> 2150 | F27: =SUMIF(재고DB!$H:$H,완제품!$B27,재고DB!$AB:$AB) -> 3804 | G27: =+E27*F27 -> 8178600 | H27: =IFERROR(VLOOKUP(B27,출고량!$A:$D,4,FALSE),0) -> 66 | I27: =IFERROR(F27/H27,0) -> 57.636364 | J27: =IF(F27=0,"재고없음",IF(H27=0,"출고없음",$H$1+I27*30)) -> 47532.091 | K27: =IF(F27=0,"재고없음",IFERROR(VLOOKUP(B27,재고DB!H:BU,66,FALSE),0)) -> 45952 | L27: =14+7 -> 21 | M27: =+L27+$H$1 -> 45824 | N27: 0.9 | O27: =IFERROR(IF(M27-J27>0,"O","X"),"없음") -> X | Q27: =+P27/D27*N27 -> 0 | R27: =IFERROR((Q27+F27)/H27*30+$H$1,"없음") -> 47532.091 | S27: =IFERROR(IF(J27="출고없음","X",IF(K27-J27>0,"O","X")),0) -> X | T27: =IF(J27="출고없음",$V$2,IF(I27=0,"-",IF(I27<=1,$S$2,IF(AND(I27>1,I27<=4),$T$2,$V$2)))) -> C | U27: =COUNTIF(CH27:CS27,"<0.1")+COUNTIF(CH27:CS27,"=미출고") -> 0 | V27: =IF(AND(S27="X",T27="C",U27>4),"단산검토",IF(AND(S27="X",T27="C"),"소진계획필요","판매활성화")) -> 소진계획필요 | AI27: 0 | AJ27: 0 | AK27: 0 | AL27: 0 | AM27: 0 | AN27: 0 | AO27: 0 | AP27: 0 | AQ27: 0 | AR27: 0 | AS27: 0 | AT27: 0 | AU27: 0 | AV27: 0 | AW27: 0 | AX27: 0 | BG27: 0 | BH27: 0 | BI27: 0 | BJ27: 0 | BK27: 0 | BL27: 0 | BM27: 0 | BN27: 0 | BO27: 0 | BP27: 0 | BQ27: 0 | BR27: 0 | BS27: 0 | BT27: 0 | BU27: 0 | CE27: =IF(AND(AI27=0,BG27=0),"출시전",IF(AND(AI27=0,BG27>0),"미출고",AI27/BG27)) -> 출시전 | CF27: =IF(AND(AJ27=0,BH27=0),"출시전",IF(AND(AJ27=0,BH27>0),"미출고",AJ27/BH27)) -> 출시전 | CG27: =IF(AND(AK27=0,BI27=0),"출시전",IF(AND(AK27=0,BI27>0),"미출고",AK27/BI27)) -> 출시전 | CH27: =IF(AND(AL27=0,BJ27=0),"출시전",IF(AND(AL27=0,BJ27>0),"미출고",AL27/BJ27)) -> 출시전 | CI27: =IF(AND(AM27=0,BK27=0),"출시전",IF(AND(AM27=0,BK27>0),"미출고",AM27/BK27)) -> 출시전 | CJ27: =IF(AND(AN27=0,BL27=0),"출시전",IF(AND(AN27=0,BL27>0),"미출고",AN27/BL27)) -> 출시전 | CK27: =IF(AND(AO27=0,BM27=0),"출시전",IF(AND(AO27=0,BM27>0),"미출고",AO27/BM27)) -> 출시전 | CL27: =IF(AND(AP27=0,BN27=0),"출시전",IF(AND(AP27=0,BN27>0),"미출고",AP27/BN27)) -> 출시전 | ... CS27: =IF(AND(AW27=0,BU27=0),"출시전",IF(AND(AW27=0,BU27>0),"미출고",AW27/BU27)) -> 출시전
A28: 완제품 | B28: 326263 | C28: 식물성 라이스 베이스드 | D28: 1 | E28: =IFERROR(VLOOKUP(B28,재고DB!H:AS,38,FALSE),0) -> 1718 | F28: =SUMIF(재고DB!$H:$H,완제품!$B28,재고DB!$AB:$AB) -> 6612 | G28: =+E28*F28 -> 11359416 | H28: =IFERROR(VLOOKUP(B28,출고량!$A:$D,4,FALSE),0) -> 10091.968 | I28: =IFERROR(F28/H28,0) -> 0.65517451 | J28: =IF(F28=0,"재고없음",IF(H28=0,"출고없음",$H$1+I28*30)) -> 45822.655 | K28: =IF(F28=0,"재고없음",IFERROR(VLOOKUP(B28,재고DB!H:BU,66,FALSE),0)) -> 46011 | L28: =7*5 -> 35 | M28: =+L28+$H$1 -> 45838 | N28: 0.9 | O28: =IFERROR(IF(M28-J28>0,"O","X"),"없음") -> O | P28: 15000 | Q28: =+P28/D28*N28 -> 13500 | R28: =IFERROR((Q28+F28)/H28*30+$H$1,"없음") -> 45862.786 | S28: =IFERROR(IF(J28="출고없음","X",IF(K28-J28>0,"O","X")),0) -> O | T28: =IF(J28="출고없음",$V$2,IF(I28=0,"-",IF(I28<=1,$S$2,IF(AND(I28>1,I28<=4),$T$2,$V$2)))) -> A | U28: =COUNTIF(CH28:CS28,"<0.1")+COUNTIF(CH28:CS28,"=미출고") -> 0 | V28: =IF(AND(S28="X",T28="C",U28>4),"단산검토",IF(AND(S28="X",T28="C"),"소진계획필요","판매활성화")) -> 판매활성화 | W28: 15000 | X28: 20000 | Y28: 20000 | AI28: 0 | AJ28: 0 | AK28: 0 | AL28: 0 | AM28: 0 | AN28: 0 | AO28: 980 | AP28: 5543 | AQ28: 17453 | AR28: 23926 | AS28: 17313 | AT28: 10761 | AU28: 9618 | AV28: 7974 | AW28: 11538 | AX28: 10412 | BG28: 0 | BH28: 0 | BI28: 0 | BJ28: 0 | BK28: 0 | BL28: 0 | BM28: 8643 | BN28: 14679 | BO28: 31543 | BP28: 23605 | BQ28: 23687 | BR28: 9782 | BS28: 11008 | BT28: 2442 | BU28: 6961 | CE28: =IF(AND(AI28=0,BG28=0),"출시전",IF(AND(AI28=0,BG28>0),"미출고",AI28/BG28)) -> 출시전 | CF28: =IF(AND(AJ28=0,BH28=0),"출시전",IF(AND(AJ28=0,BH28>0),"미출고",AJ28/BH28)) -> 출시전 | CG28: =IF(AND(AK28=0,BI28=0),"출시전",IF(AND(AK28=0,BI28>0),"미출고",AK28/BI28)) -> 출시전 | CH28: =IF(AND(AL28=0,BJ28=0),"출시전",IF(AND(AL28=0,BJ28>0),"미출고",AL28/BJ28)) -> 출시전 | CI28: =IF(AND(AM28=0,BK28=0),"출시전",IF(AND(AM28=0,BK28>0),"미출고",AM28/BK28)) -> 출시전 | CJ28: =IF(AND(AN28=0,BL28=0),"출시전",IF(AND(AN28=0,BL28>0),"미출고",AN28/BL28)) -> 출시전 | CK28: =IF(AND(AO28=0,BM28=0),"출시전",IF(AND(AO28=0,BM28>0),"미출고",AO28/BM28)) -> 0.11338656 | CL28: =IF(AND(AP28=0,BN28=0),"출시전",IF(AND(AP28=0,BN28>0),"미출고",AP28/BN28)) -> 0.37761428 | ... CS28: =IF(AND(AW28=0,BU28=0),"출시전",IF(AND(AW28=0,BU28>0),"미출고",AW28/BU28)) -> 1.6575205
A29: 완제품 | B29: 336755 | C29: 식물성 라이스 베이스드 BIB 10L | D29: 10 | E29: 17080 | F29: 1225 | G29: =+E29*F29 -> 20923000 | H29: =IFERROR(VLOOKUP(B29,출고량!$A:$D,4,FALSE),0) -> 315.87097 | I29: =IFERROR(F29/H29,0) -> 3.8781658 | J29: =IF(F29=0,"재고없음",IF(H29=0,"출고없음",$H$1+I29*30)) -> 45919.345 | K29: 46061 | L29: =7*5 -> 35 | M29: =+L29+$H$1 -> 45838 | N29: 0.9 | O29: =IFERROR(IF(M29-J29>0,"O","X"),"없음") -> X | P29: 17000 | Q29: =+P29/D29*N29 -> 1530 | R29: =IFERROR((Q29+F29)/H29*30+$H$1,"없음") -> 46064.657 | S29: =IFERROR(IF(J29="출고없음","X",IF(K29-J29>0,"O","X")),0) -> O | T29: =IF(J29="출고없음",$V$2,IF(I29=0,"-",IF(I29<=1,$S$2,IF(AND(I29>1,I29<=4),$T$2,$V$2)))) -> B | U29: =COUNTIF(CH29:CS29,"<0.1")+COUNTIF(CH29:CS29,"=미출고") -> 0 | V29: =IF(AND(S29="X",T29="C",U29>4),"단산검토",IF(AND(S29="X",T29="C"),"소진계획필요","판매활성화")) -> 판매활성화 | W29: 15000 | X29: 20000 | Z29: 20000 | AI29: 0 | AJ29: 0 | AK29: 0 | AL29: 0 | AM29: 0 | AN29: 0 | AO29: 0 | AP29: 0 | AQ29: 0 | AR29: 0 | AS29: 0 | AT29: 1360 | AU29: 1224 | AV29: 1224 | AW29: 1224 | AX29: 1224 | BG29: 0 | BH29: 0 | BI29: 0 | BJ29: 0 | BK29: 0 | BL29: 0 | BM29: 0 | BN29: 0 | BO29: 0 | BP29: 0 | BQ29: 0 | BR29: 936 | BS29: 2898 | BT29: 1745 | BU29: 2664 | CE29: =IF(AND(AI29=0,BG29=0),"출시전",IF(AND(AI29=0,BG29>0),"미출고",AI29/BG29)) -> 출시전 | CF29: =IF(AND(AJ29=0,BH29=0),"출시전",IF(AND(AJ29=0,BH29>0),"미출고",AJ29/BH29)) -> 출시전 | CG29: =IF(AND(AK29=0,BI29=0),"출시전",IF(AND(AK29=0,BI29>0),"미출고",AK29/BI29)) -> 출시전 | CH29: =IF(AND(AL29=0,BJ29=0),"출시전",IF(AND(AL29=0,BJ29>0),"미출고",AL29/BJ29)) -> 출시전 | CI29: =IF(AND(AM29=0,BK29=0),"출시전",IF(AND(AM29=0,BK29>0),"미출고",AM29/BK29)) -> 출시전 | CJ29: =IF(AND(AN29=0,BL29=0),"출시전",IF(AND(AN29=0,BL29>0),"미출고",AN29/BL29)) -> 출시전 | CK29: =IF(AND(AO29=0,BM29=0),"출시전",IF(AND(AO29=0,BM29>0),"미출고",AO29/BM29)) -> 출시전 | CL29: =IF(AND(AP29=0,BN29=0),"출시전",IF(AND(AP29=0,BN29>0),"미출고",AP29/BN29)) -> 출시전 | ... CS29: =IF(AND(AW29=0,BU29=0),"출시전",IF(AND(AW29=0,BU29>0),"미출고",AW29/BU29)) -> 0.45945946
A30: 완제품 | B30: 332805 | C30: 식물성 라이스 베이스드 200mL | D30: 0.2 | E30: =IFERROR(VLOOKUP(B30,재고DB!H:AS,38,FALSE),0)/24 -> 342 | F30: =SUMIF(재고DB!$H:$H,완제품!$B30,재고DB!$AB:$AB)*24 -> 64272 | G30: =+E30*F30 -> 21981024 | H30: =IFERROR(VLOOKUP(B30,출고량!$A:$D,4,FALSE),0) -> 14714.323 | I30: =IFERROR(F30/H30,0) -> 4.3679891 | J30: =IF(F30=0,"재고없음",IF(H30=0,"출고없음",$H$1+I30*30)) -> 45934.04 | K30: =IF(F30=0,"재고없음",IFERROR(VLOOKUP(B30,재고DB!H:BU,66,FALSE),0)) -> 46049 | L30: =7*5 -> 35 | M30: =+L30+$H$1 -> 45838 | N30: 0.85 | O30: =IFERROR(IF(M30-J30>0,"O","X"),"없음") -> X | P30: 20000 | Q30: =+P30/D30*N30 -> 85000 | R30: =IFERROR((Q30+F30)/H30*30+$H$1,"없음") -> 46107.34 | S30: =IFERROR(IF(J30="출고없음","X",IF(K30-J30>0,"O","X")),0) -> O | T30: =IF(J30="출고없음",$V$2,IF(I30=0,"-",IF(I30<=1,$S$2,IF(AND(I30>1,I30<=4),$T$2,$V$2)))) -> C | U30: =COUNTIF(CH30:CS30,"<0.1")+COUNTIF(CH30:CS30,"=미출고") -> 0 | V30: =IF(AND(S30="X",T30="C",U30>4),"단산검토",IF(AND(S30="X",T30="C"),"소진계획필요","판매활성화")) -> 판매활성화 | Z30: 15000 | AI30: 0 | AJ30: 0 | AK30: 0 | AL30: 0 | AM30: 0 | AN30: 0 | AO30: 0 | AP30: 0 | AQ30: =460*24 -> 11040 | AR30: =1551*24 -> 37224 | AS30: =1604*24 -> 38496 | AT30: 35688 | AU30: 22104 | AV30: 14952 | AW30: 15504 | AX30: 19632 | BG30: 0 | BH30: 0 | BI30: 0 | BJ30: 0 | BK30: 0 | BL30: 0 | BM30: 0 | BN30: 0 | BO30: =1128*24 -> 27072 | BP30: =2789*24 -> 66936 | BQ30: =1063*24 -> 25512 | BR30: 77760 | BS30: 52536 | BT30: 41592 | BU30: 25272 | CE30: =IF(AND(AI30=0,BG30=0),"출시전",IF(AND(AI30=0,BG30>0),"미출고",AI30/BG30)) -> 출시전 | CF30: =IF(AND(AJ30=0,BH30=0),"출시전",IF(AND(AJ30=0,BH30>0),"미출고",AJ30/BH30)) -> 출시전 | CG30: =IF(AND(AK30=0,BI30=0),"출시전",IF(AND(AK30=0,BI30>0),"미출고",AK30/BI30)) -> 출시전 | CH30: =IF(AND(AL30=0,BJ30=0),"출시전",IF(AND(AL30=0,BJ30>0),"미출고",AL30/BJ30)) -> 출시전 | CI30: =IF(AND(AM30=0,BK30=0),"출시전",IF(AND(AM30=0,BK30>0),"미출고",AM30/BK30)) -> 출시전 | CJ30: =IF(AND(AN30=0,BL30=0),"출시전",IF(AND(AN30=0,BL30>0),"미출고",AN30/BL30)) -> 출시전 | CK30: =IF(AND(AO30=0,BM30=0),"출시전",IF(AND(AO30=0,BM30>0),"미출고",AO30/BM30)) -> 출시전 | CL30: =IF(AND(AP30=0,BN30=0),"출시전",IF(AND(AP30=0,BN30>0),"미출고",AP30/BN30)) -> 출시전 | ... CS30: =IF(AND(AW30=0,BU30=0),"출시전",IF(AND(AW30=0,BU30>0),"미출고",AW30/BU30)) -> 0.61348528
A31: 완제품 | B31: 335472 | C31: 식물성 라이스 베이스드 200mL (낱개) | D31: 0.2 | E31: =+E30 -> 342 | F31: 0 | G31: 0 | H31: =IFERROR(VLOOKUP(B31,출고량!$A:$D,4,FALSE),0) -> 44.387097 | I31: =IFERROR(F31/H31,0) -> 0 | J31: =IF(F31=0,"재고없음",IF(H31=0,"출고없음",$H$1+I31*30)) -> 재고없음 | K31: =IF(F31=0,"재고없음",IFERROR(VLOOKUP(B31,재고DB!H:BU,66,FALSE),0)) -> 재고없음 | L31: 0 | M31: =+L31+$H$1 -> 45803 | O31: =IFERROR(IF(M31-J31>0,"O","X"),"없음") -> 없음 | P31: 0 | Q31: =+P31/D31*N31 -> 0 | R31: =IFERROR((Q31+F31)/H31*30+$H$1,"없음") -> 45803 | S31: =IFERROR(IF(J31="출고없음","X",IF(K31-J31>0,"O","X")),0) -> 0 | T31: =IF(J31="출고없음",$V$2,IF(I31=0,"-",IF(I31<=1,$S$2,IF(AND(I31>1,I31<=4),$T$2,$V$2)))) -> - | U31: =COUNTIF(CH31:CS31,"<0.1")+COUNTIF(CH31:CS31,"=미출고") -> 4 | V31: =IF(AND(S31="X",T31="C",U31>4),"단산검토",IF(AND(S31="X",T31="C"),"소진계획필요","판매활성화")) -> 판매활성화 | AI31: 0 | AJ31: 0 | AK31: 0 | AL31: 0 | AM31: 0 | AN31: 0 | AO31: 0 | AP31: 0 | AQ31: 0 | AR31: 5716 | AS31: 3447 | AT31: 858 | AU31: 305 | AV31: 197 | AW31: 221 | AX31: 172 | BG31: 0 | BH31: 0 | BI31: 0 | BJ31: 0 | BK31: 0 | BL31: 0 | BM31: 0 | BN31: 0 | BO31: =+BO30 -> 27072 | BP31: =+BP30 -> 66936 | BQ31: =+BQ30 -> 25512 | BR31: 77760 | BS31: =+BS30 -> 52536 | BT31: 0 | BU31: 0 | CE31: =IF(AND(AI31=0,BG31=0),"출시전",IF(AND(AI31=0,BG31>0),"미출고",AI31/BG31)) -> 출시전 | CF31: =IF(AND(AJ31=0,BH31=0),"출시전",IF(AND(AJ31=0,BH31>0),"미출고",AJ31/BH31)) -> 출시전 | CG31: =IF(AND(AK31=0,BI31=0),"출시전",IF(AND(AK31=0,BI31>0),"미출고",AK31/BI31)) -> 출시전 | CH31: =IF(AND(AL31=0,BJ31=0),"출시전",IF(AND(AL31=0,BJ31>0),"미출고",AL31/BJ31)) -> 출시전 | CI31: =IF(AND(AM31=0,BK31=0),"출시전",IF(AND(AM31=0,BK31>0),"미출고",AM31/BK31)) -> 출시전 | CJ31: =IF(AND(AN31=0,BL31=0),"출시전",IF(AND(AN31=0,BL31>0),"미출고",AN31/BL31)) -> 출시전 | CK31: =IF(AND(AO31=0,BM31=0),"출시전",IF(AND(AO31=0,BM31>0),"미출고",AO31/BM31)) -> 출시전 | CL31: =IF(AND(AP31=0,BN31=0),"출시전",IF(AND(AP31=0,BN31>0),"미출고",AP31/BN31)) -> 출시전 | ... CS31: =IF(AND(AW31=0,BU31=0),"출시전",IF(AND(AW31=0,BU31>0),"미출고",AW31/BU31)) -> #DIV/0!
A32: 반제품 | B32: 334969 | C32: BF M POWDER | D32: 4.305 | E32: 58694 | F32: 0 | G32: =+E32*F32 -> 0 | H32: =IFERROR(VLOOKUP(B32,출고량!$A:$D,4,FALSE),0) -> 0 | I32: =IFERROR(F32/H32,0) -> 0 | J32: =IF(F32=0,"재고없음",IF(H32=0,"출고없음",$H$1+I32*30)) -> 재고없음 | K32: =IF(F32=0,"재고없음",IFERROR(VLOOKUP(B32,재고DB!H:BU,66,FALSE),0)) -> 재고없음 | L32: 0 | M32: =+L32+$H$1 -> 45803 | O32: =IFERROR(IF(M32-J32>0,"O","X"),"없음") -> 없음 | P32: 0 | Q32: =+P32/D32*N32 -> 0 | R32: =IFERROR((Q32+F32)/H32*30+$H$1,"없음") -> 없음 | S32: =IFERROR(IF(J32="출고없음","X",IF(K32-J32>0,"O","X")),0) -> 0 | T32: =IF(J32="출고없음",$V$2,IF(I32=0,"-",IF(I32<=1,$S$2,IF(AND(I32>1,I32<=4),$T$2,$V$2)))) -> - | U32: =COUNTIF(CH32:CS32,"<0.1")+COUNTIF(CH32:CS32,"=미출고") -> 0 | V32: =IF(AND(S32="X",T32="C",U32>4),"단산검토",IF(AND(S32="X",T32="C"),"소진계획필요","판매활성화")) -> 판매활성화 | W32: =18*4.305 -> 77.49 | AV32: 0 | AW32: 0 | AX32: 0 | BT32: 0 | BU32: 0
A33: 완제품 | B33: 318446 | C33: 베러미트 콜드컷 식물성 볼로냐 슬라이스 수출 | D33: 0.5 | E33: 4800 | F33: =SUMIF(재고DB!$H:$H,완제품!$B33,재고DB!$AB:$AB) -> 0 | G33: =+E33*F33 -> 0 | H33: =IFERROR(VLOOKUP(B33,출고량!$A:$D,4,FALSE),0) -> 0 | I33: =IFERROR(F33/H33,0) -> 0 | J33: =IF(F33=0,"재고없음",IF(H33=0,"출고없음",$H$1+I33*30)) -> 재고없음 | K33: =IF(F33=0,"재고없음",IFERROR(VLOOKUP(B33,재고DB!H:BU,66,FALSE),0)) -> 재고없음 | L33: 28 | M33: =+L33+$H$1 -> 45831 | N33: 0.9 | O33: =IFERROR(IF(M33-J33>0,"O","X"),"없음") -> 없음 | P33: 0 | Q33: =+P33/D33*N33 -> 0 | R33: =IFERROR((Q33+F33)/H33*30+$H$1,"없음") -> 없음 | S33: =IFERROR(IF(J33="출고없음","X",IF(K33-J33>0,"O","X")),0) -> 0 | T33: =IF(J33="출고없음",$V$2,IF(I33=0,"-",IF(I33<=1,$S$2,IF(AND(I33>1,I33<=4),$T$2,$V$2)))) -> - | U33: =COUNTIF(CH33:CS33,"<0.1")+COUNTIF(CH33:CS33,"=미출고") -> 3 | V33: =IF(AND(S33="X",T33="C",U33>4),"단산검토",IF(AND(S33="X",T33="C"),"소진계획필요","판매활성화")) -> 판매활성화 | AI33: 0 | AJ33: 8000 | AK33: 0 | AL33: 2 | AM33: 0 | AN33: 0 | AO33: 0 | AP33: 0 | AQ33: 18 | AR33: 0 | AS33: 0 | AT33: 0 | AU33: 0 | AV33: 0 | AW33: 0 | AX33: 0 | BG33: 0 | BH33: 8020 | BI33: 20 | BJ33: 18 | BK33: 0 | BL33: 18 | BM33: 18 | BN33: 18 | BO33: 18 | BP33: 0 | BQ33: 0 | BR33: 0 | BS33: 0 | BT33: 0 | BU33: 0 | CE33: =IF(AND(AI33=0,BG33=0),"출시전",IF(AND(AI33=0,BG33>0),"미출고",AI33/BG33)) -> 출시전 | CF33: =IF(AND(AJ33=0,BH33=0),"출시전",IF(AND(AJ33=0,BH33>0),"미출고",AJ33/BH33)) -> 0.99750623 | CG33: =IF(AND(AK33=0,BI33=0),"출시전",IF(AND(AK33=0,BI33>0),"미출고",AK33/BI33)) -> 미출고 | CH33: =IF(AND(AL33=0,BJ33=0),"출시전",IF(AND(AL33=0,BJ33>0),"미출고",AL33/BJ33)) -> 0.11111111 | CI33: =IF(AND(AM33=0,BK33=0),"출시전",IF(AND(AM33=0,BK33>0),"미출고",AM33/BK33)) -> 출시전 | CJ33: =IF(AND(AN33=0,BL33=0),"출시전",IF(AND(AN33=0,BL33>0),"미출고",AN33/BL33)) -> 미출고 | CK33: =IF(AND(AO33=0,BM33=0),"출시전",IF(AND(AO33=0,BM33>0),"미출고",AO33/BM33)) -> 미출고 | CL33: =IF(AND(AP33=0,BN33=0),"출시전",IF(AND(AP33=0,BN33>0),"미출고",AP33/BN33)) -> 미출고 | ... CS33: =IF(AND(AW33=0,BU33=0),"출시전",IF(AND(AW33=0,BU33>0),"미출고",AW33/BU33)) -> 출시전
A34: 완제품 | B34: 326138 | C34: 유아왓유잇 식물성 미트볼 수출용 | D34: 1 | E34: =IFERROR(VLOOKUP(B34,재고DB!H:AS,38,FALSE),0) -> 0 | F34: =SUMIF(재고DB!$H:$H,완제품!$B34,재고DB!$AB:$AB) -> 0 | G34: =+E34*F34 -> 0 | H34: =IFERROR(VLOOKUP(B34,출고량!$A:$D,4,FALSE),0) -> 72.258065 | I34: =IFERROR(F34/H34,0) -> 0 | J34: =IF(F34=0,"재고없음",IF(H34=0,"출고없음",$H$1+I34*30)) -> 재고없음 | K34: =IF(F34=0,"재고없음",IFERROR(VLOOKUP(B34,재고DB!H:BU,66,FALSE),0)) -> 재고없음 | L34: 28 | M34: =+L34+$H$1 -> 45831 | N34: 0.95 | O34: =IFERROR(IF(M34-J34>0,"O","X"),"없음") -> 없음 | P34: 0 | Q34: =+P34/D34*N34 -> 0 | R34: =IFERROR((Q34+F34)/H34*30+$H$1,"없음") -> 45803 | S34: =IFERROR(IF(J34="출고없음","X",IF(K34-J34>0,"O","X")),0) -> 0 | T34: =IF(J34="출고없음",$V$2,IF(I34=0,"-",IF(I34<=1,$S$2,IF(AND(I34>1,I34<=4),$T$2,$V$2)))) -> - | U34: =COUNTIF(CH34:CS34,"<0.1")+COUNTIF(CH34:CS34,"=미출고") -> 8 | V34: =IF(AND(S34="X",T34="C",U34>4),"단산검토",IF(AND(S34="X",T34="C"),"소진계획필요","판매활성화")) -> 판매활성화 | AI34: 0 | AJ34: 0 | AK34: 0 | AL34: 0 | AM34: 640 | AN34: 0 | AO34: 0 | AP34: 0 | AQ34: 0 | AR34: 0 | AS34: 0 | AT34: 0 | AU34: 0 | AV34: 150 | AW34: 273 | AX34: 280 | BG34: 0 | BH34: 0 | BI34: 0 | BJ34: 0 | BK34: 1340 | BL34: 700 | BM34: 700 | BN34: 700 | BO34: 700 | BP34: 700 | BQ34: 700 | BR34: 700 | BS34: 700 | BT34: 550 | BU34: 277 | CE34: =IF(AND(AI34=0,BG34=0),"출시전",IF(AND(AI34=0,BG34>0),"미출고",AI34/BG34)) -> 출시전 | CF34: =IF(AND(AJ34=0,BH34=0),"출시전",IF(AND(AJ34=0,BH34>0),"미출고",AJ34/BH34)) -> 출시전 | CG34: =IF(AND(AK34=0,BI34=0),"출시전",IF(AND(AK34=0,BI34>0),"미출고",AK34/BI34)) -> 출시전 | CH34: =IF(AND(AL34=0,BJ34=0),"출시전",IF(AND(AL34=0,BJ34>0),"미출고",AL34/BJ34)) -> 출시전 | CI34: =IF(AND(AM34=0,BK34=0),"출시전",IF(AND(AM34=0,BK34>0),"미출고",AM34/BK34)) -> 0.47761194 | CJ34: =IF(AND(AN34=0,BL34=0),"출시전",IF(AND(AN34=0,BL34>0),"미출고",AN34/BL34)) -> 미출고 | CK34: =IF(AND(AO34=0,BM34=0),"출시전",IF(AND(AO34=0,BM34>0),"미출고",AO34/BM34)) -> 미출고 | CL34: =IF(AND(AP34=0,BN34=0),"출시전",IF(AND(AP34=0,BN34>0),"미출고",AP34/BN34)) -> 미출고 | ... CS34: =IF(AND(AW34=0,BU34=0),"출시전",IF(AND(AW34=0,BU34>0),"미출고",AW34/BU34)) -> 0.98555957
A35: 완제품 | B35: 325643 | C35: 유아왓유잇 식물성 민스 수출용 (단산) | D35: 4 | E35: =IFERROR(VLOOKUP(B35,재고DB!H:AS,38,FALSE),0) -> 0 | F35: =SUMIF(재고DB!$H:$H,완제품!$B35,재고DB!$AB:$AB) -> 0 | G35: =+E35*F35 -> 0 | H35: =IFERROR(VLOOKUP(B35,출고량!$A:$D,4,FALSE),0) -> 23.225806 | I35: =IFERROR(F35/H35,0) -> 0 | J35: =IF(F35=0,"재고없음",IF(H35=0,"출고없음",$H$1+I35*30)) -> 재고없음 | K35: =IF(F35=0,"재고없음",IFERROR(VLOOKUP(B35,재고DB!H:BU,66,FALSE),0)) -> 재고없음 | L35: 28 | M35: =+L35+$H$1 -> 45831 | N35: 0.95 | O35: =IFERROR(IF(M35-J35>0,"O","X"),"없음") -> 없음 | P35: 0 | Q35: =+P35/D35*N35 -> 0 | R35: =IFERROR((Q35+F35)/H35*30+$H$1,"없음") -> 45803 | S35: =IFERROR(IF(J35="출고없음","X",IF(K35-J35>0,"O","X")),0) -> 0 | T35: =IF(J35="출고없음",$V$2,IF(I35=0,"-",IF(I35<=1,$S$2,IF(AND(I35>1,I35<=4),$T$2,$V$2)))) -> - | U35: =COUNTIF(CH35:CS35,"<0.1")+COUNTIF(CH35:CS35,"=미출고") -> 8 | V35: =IF(AND(S35="X",T35="C",U35>4),"단산검토",IF(AND(S35="X",T35="C"),"소진계획필요","판매활성화")) -> 판매활성화 | AI35: 0 | AJ35: 0 | AK35: 0 | AL35: 0 | AM35: 3124 | AN35: 0 | AO35: 3510 | AP35: 0 | AQ35: 0 | AR35: 2 | AS35: 3 | AT35: 0 | AU35: 0 | AV35: 0 | AW35: 242 | AX35: 90 | BG35: 0 | BH35: 0 | BI35: 0 | BJ35: 0 | BK35: 3870 | BL35: 3870 | BM35: 360 | BN35: 360 | BO35: 360 | BP35: 358 | BQ35: 355 | BR35: 355 | BS35: 355 | BT35: 355 | BU35: 173 | CE35: =IF(AND(AI35=0,BG35=0),"출시전",IF(AND(AI35=0,BG35>0),"미출고",AI35/BG35)) -> 출시전 | CF35: =IF(AND(AJ35=0,BH35=0),"출시전",IF(AND(AJ35=0,BH35>0),"미출고",AJ35/BH35)) -> 출시전 | CG35: =IF(AND(AK35=0,BI35=0),"출시전",IF(AND(AK35=0,BI35>0),"미출고",AK35/BI35)) -> 출시전 | CH35: =IF(AND(AL35=0,BJ35=0),"출시전",IF(AND(AL35=0,BJ35>0),"미출고",AL35/BJ35)) -> 출시전 | CI35: =IF(AND(AM35=0,BK35=0),"출시전",IF(AND(AM35=0,BK35>0),"미출고",AM35/BK35)) -> 0.80723514 | CJ35: =IF(AND(AN35=0,BL35=0),"출시전",IF(AND(AN35=0,BL35>0),"미출고",AN35/BL35)) -> 미출고 | CK35: =IF(AND(AO35=0,BM35=0),"출시전",IF(AND(AO35=0,BM35>0),"미출고",AO35/BM35)) -> 9.75 | CL35: =IF(AND(AP35=0,BN35=0),"출시전",IF(AND(AP35=0,BN35>0),"미출고",AP35/BN35)) -> 미출고 | ... CS35: =IF(AND(AW35=0,BU35=0),"출시전",IF(AND(AW35=0,BU35>0),"미출고",AW35/BU35)) -> 1.3988439
A36: 완제품 | B36: 332006 | C36: 유아왓유잇 식물성 베러패티 수출용 (단산) | D36: 1.264 | E36: =IFERROR(VLOOKUP(B36,재고DB!H:AS,38,FALSE),0) -> 0 | F36: =SUMIF(재고DB!$H:$H,완제품!$B36,재고DB!$AB:$AB) -> 0 | G36: =+E36*F36 -> 0 | H36: =IFERROR(VLOOKUP(B36,출고량!$A:$D,4,FALSE),0) -> 23.225806 | I36: =IFERROR(F36/H36,0) -> 0 | J36: =IF(F36=0,"재고없음",IF(H36=0,"출고없음",$H$1+I36*30)) -> 재고없음 | K36: =IF(F36=0,"재고없음",IFERROR(VLOOKUP(B36,재고DB!H:BU,66,FALSE),0)) -> 재고없음 | L36: 28 | M36: =+L36+$H$1 -> 45831 | N36: 0.84 | O36: =IFERROR(IF(M36-J36>0,"O","X"),"없음") -> 없음 | P36: 0 | Q36: =+P36/D36*N36 -> 0 | R36: =IFERROR((Q36+F36)/H36*30+$H$1,"없음") -> 45803 | S36: =IFERROR(IF(J36="출고없음","X",IF(K36-J36>0,"O","X")),0) -> 0 | T36: =IF(J36="출고없음",$V$2,IF(I36=0,"-",IF(I36<=1,$S$2,IF(AND(I36>1,I36<=4),$T$2,$V$2)))) -> - | U36: =COUNTIF(CH36:CS36,"<0.1")+COUNTIF(CH36:CS36,"=미출고") -> 8 | V36: =IF(AND(S36="X",T36="C",U36>4),"단산검토",IF(AND(S36="X",T36="C"),"소진계획필요","판매활성화")) -> 판매활성화 | AI36: 0 | AJ36: 0 | AK36: 0 | AL36: 0 | AM36: 0 | AN36: 0 | AO36: 512 | AP36: 0 | AQ36: 0 | AR36: 0 | AS36: 0 | AT36: 0 | AU36: 0 | AV36: 8 | AW36: 144 | AX36: 90 | BG36: 0 | BH36: 0 | BI36: 0 | BJ36: 0 | BK36: 0 | BL36: =552+512 -> 1064 | BM36: 552 | BN36: 552 | BO36: 552 | BP36: 552 | BQ36: 552 | BR36: 552 | BS36: 552 | BT36: 544 | BU36: 400 | CE36: =IF(AND(AI36=0,BG36=0),"출시전",IF(AND(AI36=0,BG36>0),"미출고",AI36/BG36)) -> 출시전 | CF36: =IF(AND(AJ36=0,BH36=0),"출시전",IF(AND(AJ36=0,BH36>0),"미출고",AJ36/BH36)) -> 출시전 | CG36: =IF(AND(AK36=0,BI36=0),"출시전",IF(AND(AK36=0,BI36>0),"미출고",AK36/BI36)) -> 출시전 | CH36: =IF(AND(AL36=0,BJ36=0),"출시전",IF(AND(AL36=0,BJ36>0),"미출고",AL36/BJ36)) -> 출시전 | CI36: =IF(AND(AM36=0,BK36=0),"출시전",IF(AND(AM36=0,BK36>0),"미출고",AM36/BK36)) -> 출시전 | CJ36: =IF(AND(AN36=0,BL36=0),"출시전",IF(AND(AN36=0,BL36>0),"미출고",AN36/BL36)) -> 미출고 | CK36: =IF(AND(AO36=0,BM36=0),"출시전",IF(AND(AO36=0,BM36>0),"미출고",AO36/BM36)) -> 0.92753623 | CL36: =IF(AND(AP36=0,BN36=0),"출시전",IF(AND(AP36=0,BN36>0),"미출고",AP36/BN36)) -> 미출고 | ... CS36: =IF(AND(AW36=0,BU36=0),"출시전",IF(AND(AW36=0,BU36>0),"미출고",AW36/BU36)) -> 0.36
A37: 완제품 | B37: 326137 | C37: 유아왓유잇 식물성 소시지패티 수출용 | D37: 1.044 | E37: =IFERROR(VLOOKUP(B37,재고DB!H:AS,38,FALSE),0) -> 0 | F37: =SUMIF(재고DB!$H:$H,완제품!$B37,재고DB!$AB:$AB) -> 0 | G37: =+E37*F37 -> 0 | H37: =IFERROR(VLOOKUP(B37,출고량!$A:$D,4,FALSE),0) -> 70.967742 | I37: =IFERROR(F37/H37,0) -> 0 | J37: =IF(F37=0,"재고없음",IF(H37=0,"출고없음",$H$1+I37*30)) -> 재고없음 | K37: =IF(F37=0,"재고없음",IFERROR(VLOOKUP(B37,재고DB!H:BU,66,FALSE),0)) -> 재고없음 | L37: 28 | M37: =+L37+$H$1 -> 45831 | N37: 0.95 | O37: =IFERROR(IF(M37-J37>0,"O","X"),"없음") -> 없음 | P37: 0 | Q37: =+P37/D37*N37 -> 0 | R37: =IFERROR((Q37+F37)/H37*30+$H$1,"없음") -> 45803 | S37: =IFERROR(IF(J37="출고없음","X",IF(K37-J37>0,"O","X")),0) -> 0 | T37: =IF(J37="출고없음",$V$2,IF(I37=0,"-",IF(I37<=1,$S$2,IF(AND(I37>1,I37<=4),$T$2,$V$2)))) -> - | U37: =COUNTIF(CH37:CS37,"<0.1")+COUNTIF(CH37:CS37,"=미출고") -> 8 | V37: =IF(AND(S37="X",T37="C",U37>4),"단산검토",IF(AND(S37="X",T37="C"),"소진계획필요","판매활성화")) -> 판매활성화 | AI37: 0 | AJ37: 0 | AK37: 0 | AL37: 0 | AM37: 640 | AN37: 0 | AO37: 0 | AP37: 0 | AQ37: 5 | AR37: 0 | AS37: 0 | AT37: 0 | AU37: 0 | AV37: 160 | AW37: 210 | AX37: 275 | BG37: 0 | BH37: 0 | BI37: 0 | BJ37: 0 | BK37: 650 | BL37: 650 | BM37: 650 | BN37: 650 | BO37: 645 | BP37: 645 | BQ37: 645 | BR37: 645 | BS37: 645 | BT37: 485 | BU37: 275 | CE37: =IF(AND(AI37=0,BG37=0),"출시전",IF(AND(AI37=0,BG37>0),"미출고",AI37/BG37)) -> 출시전 | CF37: =IF(AND(AJ37=0,BH37=0),"출시전",IF(AND(AJ37=0,BH37>0),"미출고",AJ37/BH37)) -> 출시전 | CG37: =IF(AND(AK37=0,BI37=0),"출시전",IF(AND(AK37=0,BI37>0),"미출고",AK37/BI37)) -> 출시전 | CH37: =IF(AND(AL37=0,BJ37=0),"출시전",IF(AND(AL37=0,BJ37>0),"미출고",AL37/BJ37)) -> 출시전 | CI37: =IF(AND(AM37=0,BK37=0),"출시전",IF(AND(AM37=0,BK37>0),"미출고",AM37/BK37)) -> 0.98461538 | CJ37: =IF(AND(AN37=0,BL37=0),"출시전",IF(AND(AN37=0,BL37>0),"미출고",AN37/BL37)) -> 미출고 | CK37: =IF(AND(AO37=0,BM37=0),"출시전",IF(AND(AO37=0,BM37>0),"미출고",AO37/BM37)) -> 미출고 | CL37: =IF(AND(AP37=0,BN37=0),"출시전",IF(AND(AP37=0,BN37>0),"미출고",AP37/BN37)) -> 미출고 | ... CS37: =IF(AND(AW37=0,BU37=0),"출시전",IF(AND(AW37=0,BU37>0),"미출고",AW37/BU37)) -> 0.76363636

Sheet 원재료
A1: BF 제품 회전율 현황 (원부자재) | S1: =TODAY() -> 45803 | AA1: 회전등급
AA2: A | AB2: B | AD2: C
AA3: 회전월 =< 1 | AB3: 1 < 회전월 =< 4 | AD3: 회전월 > 4
AA4: * 사용제품수 : 해당 원료 사용 완제품 품목수
D6: 재고 | S6: 사용량 | W6: 발주 | AA6: 재고분석 | AE6: 월별 사용량 (2024) | AQ6: 월별 사용량 (2025)
A7: 구분 | B7: 품목 | C7: 품목명 | D7: 규격 | E7: 원가 | F7: 현재고(계) | G7: 재고금액 (계) | H7: 현재고 | I7: 재고금액 | J7: 소비기한 | K7: 현재고 2 | L7: 재고금액2 | M7: 소비기한 2 | N7: 현재고 3 | O7: 재고금액3 | P7: 소비기한 3 | Q7: 폐기시 재고 | R7: 폐기시 금액 | S7: 월 사용량 | T7: 회전월 | U7: 예상 소진일 | V7: 소비기한 | W7: 리드타임 | X7: MOQ | Y7: R/T 사용량 | Z7: 발주필요여부 | AA7: 소진가능여부 | AB7: 회전등급 | AC7: 사용제품수 | AD7: 재고평가 | AE7: 1 | AF7: =+AE7+1 -> 2 | AG7: =+AF7+1 -> 3 | AH7: =+AG7+1 -> 4 | AI7: =+AH7+1 -> 5 | AJ7: =+AI7+1 -> 6 | AK7: =+AJ7+1 -> 7 | AL7: =+AK7+1 -> 8 | AM7: =+AL7+1 -> 9 | ... AP7: =+AO7+1 -> 12 | AQ7: 1 | AR7: =+AQ7+1 -> 2 | AS7: =+AR7+1 -> 3 | AT7: =+AS7+1 -> 4 | AU7: =+AT7+1 -> 5 | AV7: =+AU7+1 -> 6 | AW7: =+AV7+1 -> 7 | AX7: =+AW7+1 -> 8 | AY7: =+AX7+1 -> 9 | ... BB7: =+BA7+1 -> 12
A8: 원재료 | B8: 334969 | C8: BF M POWDER | D8: 4.305 | E8: 17175 | F8: =+H8+K8+N8 -> 0 | G8: =+E8*F8 -> 0 | H8: =IFERROR(VLOOKUP(B8,'음성공장 재고장'!A:E,4,FALSE),0) -> 0 | I8: =+$E8*H8 -> 0 | J8: =IFERROR(VLOOKUP(B8,'음성공장 재고장'!A:E,5,FALSE),0) -> 없음 | K8: =IFERROR(VLOOKUP(B8,'음성공장 재고장'!A:F,6,FALSE),0) -> 0 | L8: =+$E8*K8 -> 0 | M8: =IFERROR(VLOOKUP(B8,'음성공장 재고장'!A:G,7,FALSE),0) -> 없음 | O8: =+$E8*N8 -> 0 | Q8: =IFERROR(R8/E8,0) -> 0 | R8: =IFERROR(IF(OR(V8<U8,S8=0),G8-S8*E8*(ABS(MONTH($S$1)-MONTH(V8))),0),0) -> 0 | S8: =AVERAGE(AQ8:AU8) -> 0 | T8: =IFERROR(F8/S8,0) -> 0 | U8: =IF(H8=0,"재고없음",IF(S8=0,"사용없음",$S$1+T8*30)) -> 재고없음 | V8: =IF(F8=0,"재고없음",IF(AND(J8=0,M8=0,P8=0),"없음",MIN(J8,M8,P8))) -> 재고없음 | W8: 0 | X8: 0 | Y8: =+S8*W8/30 -> 0 | Z8: =IFERROR(IF(AND($S$1+W8-V8>0,(MAX(P8,M8,J8)<V8+W8)),"O",IF(OR(Y8-F8<=0,S8=0),"X","O")),0) -> 0 | AA8: =IFERROR(IF(U8="사용없음","X",IF(V8-U8>0,"O","X")),0) -> 0 | AB8: =IF(U8="사용없음",$AD$2,IF(T8=0,"-",IF(T8<=1,$AA$2,IF(AND(T8>1,T8<=4),$AB$2,$AD$2)))) -> - | AC8: =COUNTIF(BOM!B:B,원재료!B8) -> 0 | AD8: =IF(AND(AA8="X",AB8="C",AC8<2),"원료대체검토",IF(AND(AA8="X",AB8="C"),"소진계획필요","판매활성화")) -> 판매활성화 | AE8: 0 | AF8: 0 | AG8: 0 | AH8: 0 | AI8: 0 | AJ8: 0 | AK8: 0 | AL8: 0 | AM8: 0 | AN8: 0 | AO8: 0 | AP8: 0 | AQ8: =SUMIF(BOM!$B:$B,원재료!$B8,BOM!E:E) -> 0 | AR8: =SUMIF(BOM!$B:$B,원재료!$B8,BOM!F:F) -> 0 | AS8: =SUMIF(BOM!$B:$B,원재료!$B8,BOM!G:G) -> 0 | AT8: =SUMIF(BOM!$B:$B,원재료!$B8,BOM!H:H) -> 0 | AU8: =SUMIF(BOM!$B:$B,원재료!$B8,BOM!I:I) -> 0 | AV8: =SUMIF(BOM!$B:$B,원재료!$B8,BOM!J:J) -> 0 | AW8: =SUMIF(BOM!$B:$B,원재료!$B8,BOM!K:K) -> 0 | AX8: =SUMIF(BOM!$B:$B,원재료!$B8,BOM!L:L) -> 0 | AY8: =SUMIF(BOM!$B:$B,원재료!$B8,BOM!M:M) -> 0 | AZ8: =SUMIF(BOM!$B:$B,원재료!$B8,BOM!N:N) -> 0 | BA8: =SUMIF(BOM!$B:$B,원재료!$B8,BOM!O:O) -> 0 | BB8: =SUMIF(BOM!$B:$B,원재료!$B8,BOM!P:P) -> 0
A9: 원재료 | B9: 310902 | C9: 프랑크 소시지 배합물 | D9: 4 | E9: =IFERROR(VLOOKUP(B9,재고DB!H:AS,38,FALSE),0)/D9 -> 0 | F9: =+H9+K9+N9 -> 0 | G9: =+E9*F9 -> 0 | H9: =SUMIF(재고DB!H:H,원재료!B9,재고DB!AB:AB)*D9 -> 0 | I9: =+$E9*H9 -> 0 | J9: =IF(H9=0,"없음",IFERROR(VLOOKUP(B9,재고DB!H:BU,66,FALSE),0)) -> 없음 | K9: =IFERROR(VLOOKUP(B9,'음성공장 재고장'!A:F,6,FALSE),0) -> 0 | L9: =+$E9*K9 -> 0 | M9: 없음 | O9: =+$E9*N9 -> 0 | Q9: =IFERROR(R9/E9,0) -> 0 | R9: =IFERROR(IF(OR(V9<U9,S9=0),G9-S9*E9*(ABS(MONTH($S$1)-MONTH(V9))),0),0) -> 0 | S9: =AVERAGE(AQ9:AU9) -> 1200 | T9: =IFERROR(F9/S9,0) -> 0 | U9: =IF(H9=0,"재고없음",IF(S9=0,"사용없음",$S$1+T9*30)) -> 재고없음 | V9: =IF(F9=0,"재고없음",IF(AND(J9=0,M9=0,P9=0),"없음",MIN(J9,M9,P9))) -> 재고없음 | W9: 0 | X9: 0 | Y9: =+S9*W9/30 -> 0 | Z9: =IFERROR(IF(AND($S$1+W9-V9>0,(MAX(P9,M9,J9)<V9+W9)),"O",IF(OR(Y9-F9<=0,S9=0),"X","O")),0) -> 0 | AA9: =IFERROR(IF(U9="사용없음","X",IF(V9-U9>0,"O","X")),0) -> 0 | AB9: =IF(U9="사용없음",$AD$2,IF(T9=0,"-",IF(T9<=1,$AA$2,IF(AND(T9>1,T9<=4),$AB$2,$AD$2)))) -> - | AC9: =COUNTIF(BOM!B:B,원재료!B9) -> 1 | AD9: =IF(AND(AA9="X",AB9="C",AC9<2),"원료대체검토",IF(AND(AA9="X",AB9="C"),"소진계획필요","판매활성화")) -> 판매활성화 | AE9: 0 | AF9: 0 | AG9: 0 | AH9: 0 | AI9: 0 | AJ9: 0 | AK9: 0 | AL9: 0 | AM9: 0 | AN9: 0 | AO9: 0 | AP9: 0 | AQ9: =SUMIF(BOM!$B:$B,원재료!$B9,BOM!E:E) -> 0 | AR9: =SUMIF(BOM!$B:$B,원재료!$B9,BOM!F:F) -> 2000 | AS9: =SUMIF(BOM!$B:$B,원재료!$B9,BOM!G:G) -> 2000 | AT9: =SUMIF(BOM!$B:$B,원재료!$B9,BOM!H:H) -> 2000 | AU9: =SUMIF(BOM!$B:$B,원재료!$B9,BOM!I:I) -> 0 | AV9: =SUMIF(BOM!$B:$B,원재료!$B9,BOM!J:J) -> 0 | AW9: =SUMIF(BOM!$B:$B,원재료!$B9,BOM!K:K) -> 0 | AX9: =SUMIF(BOM!$B:$B,원재료!$B9,BOM!L:L) -> 0 | AY9: =SUMIF(BOM!$B:$B,원재료!$B9,BOM!M:M) -> 0 | AZ9: =SUMIF(BOM!$B:$B,원재료!$B9,BOM!N:N) -> 0 | BA9: =SUMIF(BOM!$B:$B,원재료!$B9,BOM!O:O) -> 0 | BB9: =SUMIF(BOM!$B:$B,원재료!$B9,BOM!P:P) -> 0
A10: 원재료 | B10: 254933 | C10: 플레이버 BM S-01(25kg) | D10: 25 | E10: 60500 | F10: =+H10+K10+N10 -> 25 | G10: =+E10*F10 -> 1512500 | H10: 25 | I10: =+$E10*H10 -> 1512500 | J10: 46113 | L10: =+$E10*K10 -> 0 | M10: =IFERROR(VLOOKUP(B10,'음성공장 재고장'!A:G,7,FALSE),0) -> 없음 | O10: =+$E10*N10 -> 0 | Q10: =IFERROR(R10/E10,0) -> 23.65 | R10: =IFERROR(IF(OR(V10<U10,S10=0),G10-S10*E10*(ABS(MONTH($S$1)-MONTH(V10))),0),0) -> 1430825 | S10: =AVERAGE(AQ10:AU10) -> 1.35 | T10: =IFERROR(F10/S10,0) -> 18.518519 | U10: =IF(H10=0,"재고없음",IF(S10=0,"사용없음",$S$1+T10*30)) -> 46358.556 | V10: =IF(F10=0,"재고없음",IF(AND(J10=0,M10=0,P10=0),"없음",MIN(J10,M10,P10))) -> 46113 | W10: =8*7 -> 56 | X10: 25 | Y10: =+S10*W10/30 -> 2.52 | Z10: =IFERROR(IF(AND($S$1+W10-V10>0,(MAX(P10,M10,J10)<V10+W10)),"O",IF(OR(Y10-F10<=0,S10=0),"X","O")),0) -> X | AA10: =IFERROR(IF(U10="사용없음","X",IF(V10-U10>0,"O","X")),0) -> X | AB10: =IF(U10="사용없음",$AD$2,IF(T10=0,"-",IF(T10<=1,$AA$2,IF(AND(T10>1,T10<=4),$AB$2,$AD$2)))) -> C | AC10: =COUNTIF(BOM!B:B,원재료!B10) -> 2 | AD10: =IF(AND(AA10="X",AB10="C",AC10<2),"원료대체검토",IF(AND(AA10="X",AB10="C"),"소진계획필요","판매활성화")) -> 소진계획필요 | AE10: 24 | AF10: 55.5 | AG10: 9 | AH10: 45 | AI10: 22.5 | AJ10: 0 | AK10: 30.75 | AL10: 0 | AM10: 0 | AN10: 0 | AO10: 13.5 | AP10: 9 | AQ10: =SUMIF(BOM!$B:$B,원재료!$B10,BOM!E:E) -> 0 | AR10: =SUMIF(BOM!$B:$B,원재료!$B10,BOM!F:F) -> 0 | AS10: =SUMIF(BOM!$B:$B,원재료!$B10,BOM!G:G) -> 0 | AT10: =SUMIF(BOM!$B:$B,원재료!$B10,BOM!H:H) -> 0 | AU10: =SUMIF(BOM!$B:$B,원재료!$B10,BOM!I:I) -> 6.75 | AV10: =SUMIF(BOM!$B:$B,원재료!$B10,BOM!J:J) -> 0 | AW10: =SUMIF(BOM!$B:$B,원재료!$B10,BOM!K:K) -> 0 | AX10: =SUMIF(BOM!$B:$B,원재료!$B10,BOM!L:L) -> 0 | AY10: =SUMIF(BOM!$B:$B,원재료!$B10,BOM!M:M) -> 0 | AZ10: =SUMIF(BOM!$B:$B,원재료!$B10,BOM!N:N) -> 0 | BA10: =SUMIF(BOM!$B:$B,원재료!$B10,BOM!O:O) -> 0 | BB10: =SUMIF(BOM!$B:$B,원재료!$B10,BOM!P:P) -> 0
A11: 원재료 | B11: 257311 | C11: 티피믹스 HNI(10kg) | D11: 10 | E11: 259000 | F11: =+H11+K11+N11 -> 9.23 | G11: =+E11*F11 -> 2390570 | H11: =IFERROR(VLOOKUP(B11,'음성공장 재고장'!A:E,4,FALSE),0) -> 9.23 | I11: =+$E11*H11 -> 2390570 | J11: =IFERROR(VLOOKUP(B11,'음성공장 재고장'!A:E,5,FALSE),0) -> 45896 | K11: =IFERROR(VLOOKUP(B11,'음성공장 재고장'!A:F,6,FALSE),0) -> 0 | L11: =+$E11*K11 -> 0 | M11: =IFERROR(VLOOKUP(B11,'음성공장 재고장'!A:G,7,FALSE),0) -> 없음 | O11: =+$E11*N11 -> 0 | Q11: =IFERROR(R11/E11,0) -> 7.79 | R11: =IFERROR(IF(OR(V11<U11,S11=0),G11-S11*E11*(ABS(MONTH($S$1)-MONTH(V11))),0),0) -> 2017610 | S11: =AVERAGE(AQ11:AU11) -> 0.48 | T11: =IFERROR(F11/S11,0) -> 19.229167 | U11: =IF(H11=0,"재고없음",IF(S11=0,"사용없음",$S$1+T11*30)) -> 46379.875 | V11: =IF(F11=0,"재고없음",IF(AND(J11=0,M11=0,P11=0),"없음",MIN(J11,M11,P11))) -> 45896 | W11: =8*7 -> 56 | X11: 10 | Y11: =+S11*W11/30 -> 0.896 | Z11: =IFERROR(IF(AND($S$1+W11-V11>0,(MAX(P11,M11,J11)<V11+W11)),"O",IF(OR(Y11-F11<=0,S11=0),"X","O")),0) -> X | AA11: =IFERROR(IF(U11="사용없음","X",IF(V11-U11>0,"O","X")),0) -> X | AB11: =IF(U11="사용없음",$AD$2,IF(T11=0,"-",IF(T11<=1,$AA$2,IF(AND(T11>1,T11<=4),$AB$2,$AD$2)))) -> C | AC11: =COUNTIF(BOM!B:B,원재료!B11) -> 2 | AD11: =IF(AND(AA11="X",AB11="C",AC11<2),"원료대체검토",IF(AND(AA11="X",AB11="C"),"소진계획필요","판매활성화")) -> 소진계획필요 | AE11: 2.4 | AF11: 2.55 | AG11: 1.2 | AH11: 0.8 | AI11: 0.22716153 | AJ11: 3.4 | AK11: 1.8 | AL11: 2.7 | AM11: 1.6 | AN11: 2.4 | AO11: 1.6 | AP11: 0.8 | AQ11: =SUMIF(BOM!$B:$B,원재료!$B11,BOM!E:E) -> 0 | AR11: =SUMIF(BOM!$B:$B,원재료!$B11,BOM!F:F) -> 0.8 | AS11: =SUMIF(BOM!$B:$B,원재료!$B11,BOM!G:G) -> 0.8 | AT11: =SUMIF(BOM!$B:$B,원재료!$B11,BOM!H:H) -> 0.8 | AU11: =SUMIF(BOM!$B:$B,원재료!$B11,BOM!I:I) -> 0 | AV11: =SUMIF(BOM!$B:$B,원재료!$B11,BOM!J:J) -> 0 | AW11: =SUMIF(BOM!$B:$B,원재료!$B11,BOM!K:K) -> 0 | AX11: =SUMIF(BOM!$B:$B,원재료!$B11,BOM!L:L) -> 0 | AY11: =SUMIF(BOM!$B:$B,원재료!$B11,BOM!M:M) -> 0 | AZ11: =SUMIF(BOM!$B:$B,원재료!$B11,BOM!N:N) -> 0 | BA11: =SUMIF(BOM!$B:$B,원재료!$B11,BOM!O:O) -> 0 | BB11: =SUMIF(BOM!$B:$B,원재료!$B11,BOM!P:P) -> 0
A12: 원재료 | B12: 255161 | C12: 가드더블유 (20kg) | D12: 20 | E12: 14600 | F12: =+H12+K12+N12 -> 0 | G12: =+E12*F12 -> 0 | H12: =IFERROR(VLOOKUP(B12,'음성공장 재고장'!A:E,4,FALSE),0) -> 0 | I12: =+$E12*H12 -> 0 | J12: =IFERROR(VLOOKUP(B12,'음성공장 재고장'!A:E,5,FALSE),0) -> 없음 | K12: =IFERROR(VLOOKUP(B12,'음성공장 재고장'!A:F,6,FALSE),0) -> 0 | L12: =+$E12*K12 -> 0 | M12: =IFERROR(VLOOKUP(B12,'음성공장 재고장'!A:G,7,FALSE),0) -> 없음 | O12: =+$E12*N12 -> 0 | Q12: =IFERROR(R12/E12,0) -> 0 | R12: =IFERROR(IF(OR(V12<U12,S12=0),G12-S12*E12*(ABS(MONTH($S$1)-MONTH(V12))),0),0) -> 0 | S12: =AVERAGE(AQ12:AU12) -> 0 | T12: =IFERROR(F12/S12,0) -> 0 | U12: =IF(H12=0,"재고없음",IF(S12=0,"사용없음",$S$1+T12*30)) -> 재고없음 | V12: =IF(F12=0,"재고없음",IF(AND(J12=0,M12=0,P12=0),"없음",MIN(J12,M12,P12))) -> 재고없음 | W12: =12*7 -> 84 | X12: 100 | Y12: =+S12*W12/30 -> 0 | Z12: =IFERROR(IF(AND($S$1+W12-V12>0,(MAX(P12,M12,J12)<V12+W12)),"O",IF(OR(Y12-F12<=0,S12=0),"X","O")),0) -> 0 | AA12: =IFERROR(IF(U12="사용없음","X",IF(V12-U12>0,"O","X")),0) -> 0 | AB12: =IF(U12="사용없음",$AD$2,IF(T12=0,"-",IF(T12<=1,$AA$2,IF(AND(T12>1,T12<=4),$AB$2,$AD$2)))) -> - | AC12: =COUNTIF(BOM!B:B,원재료!B12) -> 1 | AD12: =IF(AND(AA12="X",AB12="C",AC12<2),"원료대체검토",IF(AND(AA12="X",AB12="C"),"소진계획필요","판매활성화")) -> 판매활성화 | AE12: 4 | AF12: 8 | AG12: 0 | AH12: 0 | AI12: 0 | AJ12: 0 | AK12: 4 | AL12: 0 | AM12: 0 | AN12: 0 | AO12: 0 | AP12: 0 | AQ12: =SUMIF(BOM!$B:$B,원재료!$B12,BOM!E:E) -> 0 | AR12: =SUMIF(BOM!$B:$B,원재료!$B12,BOM!F:F) -> 0 | AS12: =SUMIF(BOM!$B:$B,원재료!$B12,BOM!G:G) -> 0 | AT12: =SUMIF(BOM!$B:$B,원재료!$B12,BOM!H:H) -> 0 | AU12: =SUMIF(BOM!$B:$B,원재료!$B12,BOM!I:I) -> 0 | AV12: =SUMIF(BOM!$B:$B,원재료!$B12,BOM!J:J) -> 0 | AW12: =SUMIF(BOM!$B:$B,원재료!$B12,BOM!K:K) -> 0 | AX12: =SUMIF(BOM!$B:$B,원재료!$B12,BOM!L:L) -> 0 | AY12: =SUMIF(BOM!$B:$B,원재료!$B12,BOM!M:M) -> 0 | AZ12: =SUMIF(BOM!$B:$B,원재료!$B12,BOM!N:N) -> 0 | BA12: =SUMIF(BOM!$B:$B,원재료!$B12,BOM!O:O) -> 0 | BB12: =SUMIF(BOM!$B:$B,원재료!$B12,BOM!P:P) -> 0
A13: 원재료 | B13: 251371 | C13: 글루코만난 곤약분(25kg) | D13: 25 | E13: 28000 | F13: =+H13+K13+N13 -> 195.4 | G13: =+E13*F13 -> 5471200 | H13: =IFERROR(VLOOKUP(B13,'음성공장 재고장'!A:E,4,FALSE),0) -> 20.4 | I13: =+$E13*H13 -> 571200 | J13: =IFERROR(VLOOKUP(B13,'음성공장 재고장'!A:E,5,FALSE),0) -> 45986 | K13: =IFERROR(VLOOKUP(B13,'음성공장 재고장'!A:F,6,FALSE),0) -> 0 | L13: =+$E13*K13 -> 0 | M13: =IFERROR(VLOOKUP(B13,'음성공장 재고장'!A:G,7,FALSE),0) -> 없음 | N13: 175 | O13: =+$E13*N13 -> 4900000 | P13: 45986 | Q13: =IFERROR(R13/E13,0) -> 69.39978 | R13: =IFERROR(IF(OR(V13<U13,S13=0),G13-S13*E13*(ABS(MONTH($S$1)-MONTH(V13))),0),0) -> 1943193.9 | S13: =AVERAGE(AQ13:AU13) -> 21.000037 | T13: =IFERROR(F13/S13,0) -> 9.3047457 | U13: =IF(H13=0,"재고없음",IF(S13=0,"사용없음",$S$1+T13*30)) -> 46082.142 | V13: =IF(F13=0,"재고없음",IF(AND(J13=0,M13=0,P13=0),"없음",MIN(J13,M13,P13))) -> 45986 | W13: 45 | X13: 25 | Y13: =+S13*W13/30 -> 31.500055 | Z13: =IFERROR(IF(AND($S$1+W13-V13>0,(MAX(P13,M13,J13)<V13+W13)),"O",IF(OR(Y13-F13<=0,S13=0),"X","O")),0) -> X | AA13: =IFERROR(IF(U13="사용없음","X",IF(V13-U13>0,"O","X")),0) -> X | AB13: =IF(U13="사용없음",$AD$2,IF(T13=0,"-",IF(T13<=1,$AA$2,IF(AND(T13>1,T13<=4),$AB$2,$AD$2)))) -> C | AC13: =COUNTIF(BOM!B:B,원재료!B13) -> 6 | AD13: =IF(AND(AA13="X",AB13="C",AC13<2),"원료대체검토",IF(AND(AA13="X",AB13="C"),"소진계획필요","판매활성화")) -> 소진계획필요 | AE13: 176.01949 | AF13: 225.20323 | AG13: 84.218024 | AH13: 168.56 | AI13: 72.525 | AJ13: 121.70037 | AK13: 144.60073 | AL13: 106.40122 | AM13: 103.00232 | AN13: 84.300183 | AO13: 95 | AP13: 54.4 | AQ13: =SUMIF(BOM!$B:$B,원재료!$B13,BOM!E:E) -> 0 | AR13: =SUMIF(BOM!$B:$B,원재료!$B13,BOM!F:F) -> 30.700183 | AS13: =SUMIF(BOM!$B:$B,원재료!$B13,BOM!G:G) -> 26.8 | AT13: =SUMIF(BOM!$B:$B,원재료!$B13,BOM!H:H) -> 26.8 | AU13: =SUMIF(BOM!$B:$B,원재료!$B13,BOM!I:I) -> 20.7 | AV13: =SUMIF(BOM!$B:$B,원재료!$B13,BOM!J:J) -> 0 | AW13: =SUMIF(BOM!$B:$B,원재료!$B13,BOM!K:K) -> 0 | AX13: =SUMIF(BOM!$B:$B,원재료!$B13,BOM!L:L) -> 0 | AY13: =SUMIF(BOM!$B:$B,원재료!$B13,BOM!M:M) -> 0 | AZ13: =SUMIF(BOM!$B:$B,원재료!$B13,BOM!N:N) -> 0 | BA13: =SUMIF(BOM!$B:$B,원재료!$B13,BOM!O:O) -> 0 | BB13: =SUMIF(BOM!$B:$B,원재료!$B13,BOM!P:P) -> 0
A14: 원재료 | B14: 253582 | C14: 메토셀 엠엑스 다인소재 (15kg) | D14: 15 | E14: 25000 | F14: =+H14+K14+N14 -> 16.73 | G14: =+E14*F14 -> 418250 | H14: =IFERROR(VLOOKUP(B14,'음성공장 재고장'!A:E,4,FALSE),0) -> 16.73 | I14: =+$E14*H14 -> 418250 | J14: =IFERROR(VLOOKUP(B14,'음성공장 재고장'!A:E,5,FALSE),0) -> 46474 | K14: =IFERROR(VLOOKUP(B14,'음성공장 재고장'!A:F,6,FALSE),0) -> 0 | L14: =+$E14*K14 -> 0 | M14: =IFERROR(VLOOKUP(B14,'음성공장 재고장'!A:G,7,FALSE),0) -> 없음 | O14: =+$E14*N14 -> 0 | Q14: =IFERROR(R14/E14,0) -> 0 | R14: =IFERROR(IF(OR(V14<U14,S14=0),G14-S14*E14*(ABS(MONTH($S$1)-MONTH(V14))),0),0) -> 0 | S14: =AVERAGE(AQ14:AU14) -> 24.7745 | T14: =IFERROR(F14/S14,0) -> 0.67529113 | U14: =IF(H14=0,"재고없음",IF(S14=0,"사용없음",$S$1+T14*30)) -> 45823.259 | V14: =IF(F14=0,"재고없음",IF(AND(J14=0,M14=0,P14=0),"없음",MIN(J14,M14,P14))) -> 46474 | W14: 0 | X14: 15 | Y14: =+S14*W14/30 -> 0 | Z14: =IFERROR(IF(AND($S$1+W14-V14>0,(MAX(P14,M14,J14)<V14+W14)),"O",IF(OR(Y14-F14<=0,S14=0),"X","O")),0) -> X | AA14: =IFERROR(IF(U14="사용없음","X",IF(V14-U14>0,"O","X")),0) -> O | AB14: =IF(U14="사용없음",$AD$2,IF(T14=0,"-",IF(T14<=1,$AA$2,IF(AND(T14>1,T14<=4),$AB$2,$AD$2)))) -> A | AC14: =COUNTIF(BOM!B:B,원재료!B14) -> 6 | AD14: =IF(AND(AA14="X",AB14="C",AC14<2),"원료대체검토",IF(AND(AA14="X",AB14="C"),"소진계획필요","판매활성화")) -> 판매활성화 | AE14: 147.05 | AF14: 57 | AG14: 0 | AH14: 247 | AI14: 174.876 | AJ14: 272.916 | AK14: 104.5 | AL14: 38 | AM14: 38 | AN14: 2.1802326 | AO14: 38 | AP14: 76 | AQ14: =SUMIF(BOM!$B:$B,원재료!$B14,BOM!E:E) -> 19.3725 | AR14: =SUMIF(BOM!$B:$B,원재료!$B14,BOM!F:F) -> 38 | AS14: =SUMIF(BOM!$B:$B,원재료!$B14,BOM!G:G) -> 38 | AT14: =SUMIF(BOM!$B:$B,원재료!$B14,BOM!H:H) -> 28.5 | AU14: =SUMIF(BOM!$B:$B,원재료!$B14,BOM!I:I) -> 0 | AV14: =SUMIF(BOM!$B:$B,원재료!$B14,BOM!J:J) -> 0 | AW14: =SUMIF(BOM!$B:$B,원재료!$B14,BOM!K:K) -> 0 | AX14: =SUMIF(BOM!$B:$B,원재료!$B14,BOM!L:L) -> 0 | AY14: =SUMIF(BOM!$B:$B,원재료!$B14,BOM!M:M) -> 0 | AZ14: =SUMIF(BOM!$B:$B,원재료!$B14,BOM!N:N) -> 0 | BA14: =SUMIF(BOM!$B:$B,원재료!$B14,BOM!O:O) -> 0 | BB14: =SUMIF(BOM!$B:$B,원재료!$B14,BOM!P:P) -> 0
A15: 원재료 | B15: 253595 | C15: 메틸셀룰로스(20kg/독일/KH) | D15: 20 | E15: 30700 | F15: =+H15+K15+N15 -> 1543.66 | G15: =+E15*F15 -> 47390362 | H15: =IFERROR(VLOOKUP(B15,'음성공장 재고장'!A:E,4,FALSE),0) -> 43.66 | I15: =+$E15*H15 -> 1340362 | J15: =IFERROR(VLOOKUP(B15,'음성공장 재고장'!A:E,5,FALSE),0) -> 45941 | K15: =IFERROR(VLOOKUP(B15,'음성공장 재고장'!A:F,6,FALSE),0) -> 0 | L15: =+$E15*K15 -> 0 | M15: =IFERROR(VLOOKUP(B15,'음성공장 재고장'!A:G,7,FALSE),0) -> 없음 | N15: 1500 | O15: =+$E15*N15 -> 46050000 | P15: 46478 | Q15: =IFERROR(R15/E15,0) -> 1399.96 | R15: =IFERROR(IF(OR(V15<U15,S15=0),G15-S15*E15*(ABS(MONTH($S$1)-MONTH(V15))),0),0) -> 42978772 | S15: =AVERAGE(AQ15:AU15) -> 28.74 | T15: =IFERROR(F15/S15,0) -> 53.711204 | U15: =IF(H15=0,"재고없음",IF(S15=0,"사용없음",$S$1+T15*30)) -> 47414.336 | V15: =IF(F15=0,"재고없음",IF(AND(J15=0,M15=0,P15=0),"없음",MIN(J15,M15,P15))) -> 45941 | W15: =5*30 -> 150 | X15: 20 | Y15: =+S15*W15/30 -> 143.7 | Z15: =IFERROR(IF(AND($S$1+W15-V15>0,(MAX(P15,M15,J15)<V15+W15)),"O",IF(OR(Y15-F15<=0,S15=0),"X","O")),0) -> X | AA15: =IFERROR(IF(U15="사용없음","X",IF(V15-U15>0,"O","X")),0) -> X | AB15: =IF(U15="사용없음",$AD$2,IF(T15=0,"-",IF(T15<=1,$AA$2,IF(AND(T15>1,T15<=4),$AB$2,$AD$2)))) -> C | AC15: =COUNTIF(BOM!B:B,원재료!B15) -> 4 | AD15: =IF(AND(AA15="X",AB15="C",AC15<2),"원료대체검토",IF(AND(AA15="X",AB15="C"),"소진계획필요","판매활성화")) -> 소진계획필요 | AE15: 175.2 | AF15: 237.59484 | AG15: 109.0484 | AH15: 237.3656 | AI15: 95 | AJ15: 163.2 | AK15: 188.3484 | AL15: 116.54484 | AM15: 76.8 | AN15: 115.2 | AO15: 133.8 | AP15: 76.4 | AQ15: =SUMIF(BOM!$B:$B,원재료!$B15,BOM!E:E) -> 0 | AR15: =SUMIF(BOM!$B:$B,원재료!$B15,BOM!F:F) -> 38.4 | AS15: =SUMIF(BOM!$B:$B,원재료!$B15,BOM!G:G) -> 38.4 | AT15: =SUMIF(BOM!$B:$B,원재료!$B15,BOM!H:H) -> 38.4 | AU15: =SUMIF(BOM!$B:$B,원재료!$B15,BOM!I:I) -> 28.5 | AV15: =SUMIF(BOM!$B:$B,원재료!$B15,BOM!J:J) -> 0 | AW15: =SUMIF(BOM!$B:$B,원재료!$B15,BOM!K:K) -> 0 | AX15: =SUMIF(BOM!$B:$B,원재료!$B15,BOM!L:L) -> 0 | AY15: =SUMIF(BOM!$B:$B,원재료!$B15,BOM!M:M) -> 0 | AZ15: =SUMIF(BOM!$B:$B,원재료!$B15,BOM!N:N) -> 0 | BA15: =SUMIF(BOM!$B:$B,원재료!$B15,BOM!O:O) -> 0 | BB15: =SUMIF(BOM!$B:$B,원재료!$B15,BOM!P:P) -> 0
A16: 원재료 | B16: 255731 | C16: 풍미베이스BFS 샘표식품(10kg) | D16: 10 | E16: 27500 | F16: =+H16+K16+N16 -> 26.64 | G16: =+E16*F16 -> 732600 | H16: =IFERROR(VLOOKUP(B16,'음성공장 재고장'!A:E,4,FALSE),0) -> 26.64 | I16: =+$E16*H16 -> 732600 | J16: =IFERROR(VLOOKUP(B16,'음성공장 재고장'!A:E,5,FALSE),0) -> 45902 | K16: =IFERROR(VLOOKUP(B16,'음성공장 재고장'!A:F,6,FALSE),0) -> 0 | L16: =+$E16*K16 -> 0 | M16: =IFERROR(VLOOKUP(B16,'음성공장 재고장'!A:G,7,FALSE),0) -> 없음 | O16: =+$E16*N16 -> 0 | Q16: =IFERROR(R16/E16,0) -> 0 | R16: =IFERROR(IF(OR(V16<U16,S16=0),G16-S16*E16*(ABS(MONTH($S$1)-MONTH(V16))),0),0) -> 0 | S16: =AVERAGE(AQ16:AU16) -> 14.4 | T16: =IFERROR(F16/S16,0) -> 1.85 | U16: =IF(H16=0,"재고없음",IF(S16=0,"사용없음",$S$1+T16*30)) -> 45858.5 | V16: =IF(F16=0,"재고없음",IF(AND(J16=0,M16=0,P16=0),"없음",MIN(J16,M16,P16))) -> 45902 | W16: 0 | X16: 0 | Y16: =+S16*W16/30 -> 0 | Z16: =IFERROR(IF(AND($S$1+W16-V16>0,(MAX(P16,M16,J16)<V16+W16)),"O",IF(OR(Y16-F16<=0,S16=0),"X","O")),0) -> X | AA16: =IFERROR(IF(U16="사용없음","X",IF(V16-U16>0,"O","X")),0) -> O | AB16: =IF(U16="사용없음",$AD$2,IF(T16=0,"-",IF(T16<=1,$AA$2,IF(AND(T16>1,T16<=4),$AB$2,$AD$2)))) -> B | AC16: =COUNTIF(BOM!B:B,원재료!B16) -> 3 | AD16: =IF(AND(AA16="X",AB16="C",AC16<2),"원료대체검토",IF(AND(AA16="X",AB16="C"),"소진계획필요","판매활성화")) -> 판매활성화 | AE16: 148 | AF16: 233 | AG16: 46 | AH16: 100 | AI16: 66.630321 | AJ16: 85 | AK16: 145 | AL16: 60 | AM16: 40 | AN16: 60 | AO16: 64 | AP16: 36 | AQ16: =SUMIF(BOM!$B:$B,원재료!$B16,BOM!E:E) -> 0 | AR16: =SUMIF(BOM!$B:$B,원재료!$B16,BOM!F:F) -> 20 | AS16: =SUMIF(BOM!$B:$B,원재료!$B16,BOM!G:G) -> 20 | AT16: =SUMIF(BOM!$B:$B,원재료!$B16,BOM!H:H) -> 20 | AU16: =SUMIF(BOM!$B:$B,원재료!$B16,BOM!I:I) -> 12 | AV16: =SUMIF(BOM!$B:$B,원재료!$B16,BOM!J:J) -> 0 | AW16: =SUMIF(BOM!$B:$B,원재료!$B16,BOM!K:K) -> 0 | AX16: =SUMIF(BOM!$B:$B,원재료!$B16,BOM!L:L) -> 0 | AY16: =SUMIF(BOM!$B:$B,원재료!$B16,BOM!M:M) -> 0 | AZ16: =SUMIF(BOM!$B:$B,원재료!$B16,BOM!N:N) -> 0 | BA16: =SUMIF(BOM!$B:$B,원재료!$B16,BOM!O:O) -> 0 | BB16: =SUMIF(BOM!$B:$B,원재료!$B16,BOM!P:P) -> 0
A17: 원재료 | B17: 254833 | C17: 조직대두단백 response4380 듀폰 (11.34kg) | D17: 11.34 | E17: 6700.1764 | F17: =+H17+K17+N17 -> 7385.2 | G17: =+E17*F17 -> 49482143 | H17: =IFERROR(VLOOKUP(B17,'음성공장 재고장'!A:E,4,FALSE),0) -> 385.2 | I17: =+$E17*H17 -> 2580907.9 | J17: =IFERROR(VLOOKUP(B17,'음성공장 재고장'!A:E,5,FALSE),0) -> 46068 | K17: =IFERROR(VLOOKUP(B17,'음성공장 재고장'!A:F,6,FALSE),0) -> 0 | L17: =+$E17*K17 -> 0 | M17: =IFERROR(VLOOKUP(B17,'음성공장 재고장'!A:G,7,FALSE),0) -> 없음 | N17: 7000 | O17: =+$E17*N17 -> 46901235 | P17: 46266 | Q17: =IFERROR(R17/E17,0) -> 7385.2 | R17: =IFERROR(IF(OR(V17<U17,S17=0),G17-S17*E17*(ABS(MONTH($S$1)-MONTH(V17))),0),0) -> 49482143 | S17: =AVERAGE(AQ17:AU17) -> 0 | T17: =IFERROR(F17/S17,0) -> 0 | U17: =IF(H17=0,"재고없음",IF(S17=0,"사용없음",$S$1+T17*30)) -> 사용없음 | V17: =IF(F17=0,"재고없음",IF(AND(J17=0,M17=0,P17=0),"없음",MIN(J17,M17,P17))) -> 46068 | W17: =3*30 -> 90 | X17: 0 | Y17: =+S17*W17/30 -> 0 | Z17: =IFERROR(IF(AND($S$1+W17-V17>0,(MAX(P17,M17,J17)<V17+W17)),"O",IF(OR(Y17-F17<=0,S17=0),"X","O")),0) -> X | AA17: =IFERROR(IF(U17="사용없음","X",IF(V17-U17>0,"O","X")),0) -> X | AB17: =IF(U17="사용없음",$AD$2,IF(T17=0,"-",IF(T17<=1,$AA$2,IF(AND(T17>1,T17<=4),$AB$2,$AD$2)))) -> C | AC17: =COUNTIF(BOM!B:B,원재료!B17) -> 4 | AD17: =IF(AND(AA17="X",AB17="C",AC17<2),"원료대체검토",IF(AND(AA17="X",AB17="C"),"소진계획필요","판매활성화")) -> 소진계획필요 | AE17: 249 | AF17: 286.54146 | AG17: 375.4146 | AH17: 914.2764 | AI17: 4814 | AJ17: 837.8 | AK17: 1039.4146 | AL17: 447.54146 | AM17: 0 | AN17: 124.8 | AO17: 0 | AP17: 332 | AQ17: =SUMIF(BOM!$B:$B,원재료!$B17,BOM!E:E) -> 0 | AR17: =SUMIF(BOM!$B:$B,원재료!$B17,BOM!F:F) -> 0 | AS17: =SUMIF(BOM!$B:$B,원재료!$B17,BOM!G:G) -> 0 | AT17: =SUMIF(BOM!$B:$B,원재료!$B17,BOM!H:H) -> 0 | AU17: =SUMIF(BOM!$B:$B,원재료!$B17,BOM!I:I) -> 0 | AV17: =SUMIF(BOM!$B:$B,원재료!$B17,BOM!J:J) -> 0 | AW17: =SUMIF(BOM!$B:$B,원재료!$B17,BOM!K:K) -> 0 | AX17: =SUMIF(BOM!$B:$B,원재료!$B17,BOM!L:L) -> 0 | AY17: =SUMIF(BOM!$B:$B,원재료!$B17,BOM!M:M) -> 0 | AZ17: =SUMIF(BOM!$B:$B,원재료!$B17,BOM!N:N) -> 0 | BA17: =SUMIF(BOM!$B:$B,원재료!$B17,BOM!O:O) -> 0 | BB17: =SUMIF(BOM!$B:$B,원재료!$B17,BOM!P:P) -> 0
A18: 원재료 | B18: 180592 | C18: 조직대두단백 response4400 듀폰 (11.34kg) | D18: 11.34 | E18: 6700 | F18: =+H18+K18+N18 -> 118.7 | G18: =+E18*F18 -> 795290 | H18: =IFERROR(VLOOKUP(B18,'음성공장 재고장'!A:E,4,FALSE),0) -> 118.7 | I18: =+$E18*H18 -> 795290 | J18: =IFERROR(VLOOKUP(B18,'음성공장 재고장'!A:E,5,FALSE),0) -> 46191 | K18: =IFERROR(VLOOKUP(B18,'음성공장 재고장'!A:F,6,FALSE),0) -> 0 | L18: =+$E18*K18 -> 0 | M18: =IFERROR(VLOOKUP(B18,'음성공장 재고장'!A:G,7,FALSE),0) -> 없음 | O18: =+$E18*N18 -> 0 | Q18: =IFERROR(R18/E18,0) -> 0 | R18: =IFERROR(IF(OR(V18<U18,S18=0),G18-S18*E18*(ABS(MONTH($S$1)-MONTH(V18))),0),0) -> 0 | S18: =AVERAGE(AQ18:AU18) -> 157.4 | T18: =IFERROR(F18/S18,0) -> 0.75412961 | U18: =IF(H18=0,"재고없음",IF(S18=0,"사용없음",$S$1+T18*30)) -> 45825.624 | V18: =IF(F18=0,"재고없음",IF(AND(J18=0,M18=0,P18=0),"없음",MIN(J18,M18,P18))) -> 46191 | W18: =3*30 -> 90 | X18: 0 | Y18: =+S18*W18/30 -> 472.2 | Z18: =IFERROR(IF(AND($S$1+W18-V18>0,(MAX(P18,M18,J18)<V18+W18)),"O",IF(OR(Y18-F18<=0,S18=0),"X","O")),0) -> O | AA18: =IFERROR(IF(U18="사용없음","X",IF(V18-U18>0,"O","X")),0) -> O | AB18: =IF(U18="사용없음",$AD$2,IF(T18=0,"-",IF(T18<=1,$AA$2,IF(AND(T18>1,T18<=4),$AB$2,$AD$2)))) -> A | AC18: =COUNTIF(BOM!B:B,원재료!B18) -> 5 | AD18: =IF(AND(AA18="X",AB18="C",AC18<2),"원료대체검토",IF(AND(AA18="X",AB18="C"),"소진계획필요","판매활성화")) -> 판매활성화 | AE18: 781.2 | AF18: 313.5 | AG18: 140 | AH18: 1816 | AI18: 1573.1408 | AJ18: 558 | AK18: 291 | AL18: 475.5 | AM18: 248 | AN18: 0 | AO18: 458 | AP18: 388 | AQ18: =SUMIF(BOM!$B:$B,원재료!$B18,BOM!E:E) -> 0 | AR18: =SUMIF(BOM!$B:$B,원재료!$B18,BOM!F:F) -> 248 | AS18: =SUMIF(BOM!$B:$B,원재료!$B18,BOM!G:G) -> 248 | AT18: =SUMIF(BOM!$B:$B,원재료!$B18,BOM!H:H) -> 186 | AU18: =SUMIF(BOM!$B:$B,원재료!$B18,BOM!I:I) -> 105 | AV18: =SUMIF(BOM!$B:$B,원재료!$B18,BOM!J:J) -> 0 | AW18: =SUMIF(BOM!$B:$B,원재료!$B18,BOM!K:K) -> 0 | AX18: =SUMIF(BOM!$B:$B,원재료!$B18,BOM!L:L) -> 0 | AY18: =SUMIF(BOM!$B:$B,원재료!$B18,BOM!M:M) -> 0 | AZ18: =SUMIF(BOM!$B:$B,원재료!$B18,BOM!N:N) -> 0 | BA18: =SUMIF(BOM!$B:$B,원재료!$B18,BOM!O:O) -> 0 | BB18: =SUMIF(BOM!$B:$B,원재료!$B18,BOM!P:P) -> 0
A19: 원재료 | B19: 253596 | C19: 카라기난 카파(25kg) | D19: 25 | E19: 37500 | F19: =+H19+K19+N19 -> 20.67 | G19: =+E19*F19 -> 775125 | H19: =IFERROR(VLOOKUP(B19,'음성공장 재고장'!A:E,4,FALSE),0) -> 20.67 | I19: =+$E19*H19 -> 775125 | J19: =IFERROR(VLOOKUP(B19,'음성공장 재고장'!A:E,5,FALSE),0) -> 46633 | K19: =IFERROR(VLOOKUP(B19,'음성공장 재고장'!A:F,6,FALSE),0) -> 0 | L19: =+$E19*K19 -> 0 | M19: =IFERROR(VLOOKUP(B19,'음성공장 재고장'!A:G,7,FALSE),0) -> 없음 | O19: =+$E19*N19 -> 0 | Q19: =IFERROR(R19/E19,0) -> 0 | R19: =IFERROR(IF(OR(V19<U19,S19=0),G19-S19*E19*(ABS(MONTH($S$1)-MONTH(V19))),0),0) -> 0 | S19: =AVERAGE(AQ19:AU19) -> 20.159963 | T19: =IFERROR(F19/S19,0) -> 1.0252995 | U19: =IF(H19=0,"재고없음",IF(S19=0,"사용없음",$S$1+T19*30)) -> 45833.759 | V19: =IF(F19=0,"재고없음",IF(AND(J19=0,M19=0,P19=0),"없음",MIN(J19,M19,P19))) -> 46633 | W19: 45 | X19: 0 | Y19: =+S19*W19/30 -> 30.239945 | Z19: =IFERROR(IF(AND($S$1+W19-V19>0,(MAX(P19,M19,J19)<V19+W19)),"O",IF(OR(Y19-F19<=0,S19=0),"X","O")),0) -> O | AA19: =IFERROR(IF(U19="사용없음","X",IF(V19-U19>0,"O","X")),0) -> O | AB19: =IF(U19="사용없음",$AD$2,IF(T19=0,"-",IF(T19<=1,$AA$2,IF(AND(T19>1,T19<=4),$AB$2,$AD$2)))) -> B | AC19: =COUNTIF(BOM!B:B,원재료!B19) -> 7 | AD19: =IF(AND(AA19="X",AB19="C",AC19<2),"원료대체검토",IF(AND(AA19="X",AB19="C"),"소진계획필요","판매활성화")) -> 판매활성화 | AE19: 158.56971 | AF19: 182.62629 | AG19: 87.266376 | AH19: 128.1968 | AI19: 49.75 | AJ19: 124.99963 | AK19: 125.09447 | AL19: 104.6283 | AM19: 93.997683 | AN19: 86.999817 | AO19: 83.6 | AP19: 46.4 | AQ19: =SUMIF(BOM!$B:$B,원재료!$B19,BOM!E:E) -> 0 | AR19: =SUMIF(BOM!$B:$B,원재료!$B19,BOM!F:F) -> 30.999817 | AS19: =SUMIF(BOM!$B:$B,원재료!$B19,BOM!G:G) -> 28 | AT19: =SUMIF(BOM!$B:$B,원재료!$B19,BOM!H:H) -> 28 | AU19: =SUMIF(BOM!$B:$B,원재료!$B19,BOM!I:I) -> 13.8 | AV19: =SUMIF(BOM!$B:$B,원재료!$B19,BOM!J:J) -> 0 | AW19: =SUMIF(BOM!$B:$B,원재료!$B19,BOM!K:K) -> 0 | AX19: =SUMIF(BOM!$B:$B,원재료!$B19,BOM!L:L) -> 0 | AY19: =SUMIF(BOM!$B:$B,원재료!$B19,BOM!M:M) -> 0 | AZ19: =SUMIF(BOM!$B:$B,원재료!$B19,BOM!N:N) -> 0 | BA19: =SUMIF(BOM!$B:$B,원재료!$B19,BOM!O:O) -> 0 | BB19: =SUMIF(BOM!$B:$B,원재료!$B19,BOM!P:P) -> 0
A20: 원재료 | B20: 253471 | C20: 콘텍스18 조직농축대두단백 Solbar(15kg) | D20: 15 | E20: 4050 | F20: =+H20+K20+N20 -> 210.4 | G20: =+E20*F20 -> 852120 | H20: =IFERROR(VLOOKUP(B20,'음성공장 재고장'!A:E,4,FALSE),0) -> 210.4 | I20: =+$E20*H20 -> 852120 | J20: =IFERROR(VLOOKUP(B20,'음성공장 재고장'!A:E,5,FALSE),0) -> 45921 | K20: =IFERROR(VLOOKUP(B20,'음성공장 재고장'!A:F,6,FALSE),0) -> 0 | L20: =+$E20*K20 -> 0 | M20: =IFERROR(VLOOKUP(B20,'음성공장 재고장'!A:G,7,FALSE),0) -> 없음 | O20: =+$E20*N20 -> 0 | Q20: =IFERROR(R20/E20,0) -> 210.4 | R20: =IFERROR(IF(OR(V20<U20,S20=0),G20-S20*E20*(ABS(MONTH($S$1)-MONTH(V20))),0),0) -> 852120 | S20: =AVERAGE(AQ20:AU20) -> 0 | T20: =IFERROR(F20/S20,0) -> 0 | U20: =IF(H20=0,"재고없음",IF(S20=0,"사용없음",$S$1+T20*30)) -> 사용없음 | V20: =IF(F20=0,"재고없음",IF(AND(J20=0,M20=0,P20=0),"없음",MIN(J20,M20,P20))) -> 45921 | W20: 0 | X20: 0 | Y20: =+S20*W20/30 -> 0 | Z20: =IFERROR(IF(AND($S$1+W20-V20>0,(MAX(P20,M20,J20)<V20+W20)),"O",IF(OR(Y20-F20<=0,S20=0),"X","O")),0) -> X | AA20: =IFERROR(IF(U20="사용없음","X",IF(V20-U20>0,"O","X")),0) -> X | AB20: =IF(U20="사용없음",$AD$2,IF(T20=0,"-",IF(T20<=1,$AA$2,IF(AND(T20>1,T20<=4),$AB$2,$AD$2)))) -> C | AC20: =COUNTIF(BOM!B:B,원재료!B20) -> 2 | AD20: =IF(AND(AA20="X",AB20="C",AC20<2),"원료대체검토",IF(AND(AA20="X",AB20="C"),"소진계획필요","판매활성화")) -> 소진계획필요 | AE20: 240 | AF20: 480 | AG20: 0 | AH20: 0 | AI20: 0 | AJ20: 7.7 | AK20: 240 | AL20: 77 | AM20: 0 | AN20: 123.2 | AO20: 0 | AP20: 0 | AQ20: =SUMIF(BOM!$B:$B,원재료!$B20,BOM!E:E) -> 0 | AR20: =SUMIF(BOM!$B:$B,원재료!$B20,BOM!F:F) -> 0 | AS20: =SUMIF(BOM!$B:$B,원재료!$B20,BOM!G:G) -> 0 | AT20: =SUMIF(BOM!$B:$B,원재료!$B20,BOM!H:H) -> 0 | AU20: =SUMIF(BOM!$B:$B,원재료!$B20,BOM!I:I) -> 0 | AV20: =SUMIF(BOM!$B:$B,원재료!$B20,BOM!J:J) -> 0 | AW20: =SUMIF(BOM!$B:$B,원재료!$B20,BOM!K:K) -> 0 | AX20: =SUMIF(BOM!$B:$B,원재료!$B20,BOM!L:L) -> 0 | AY20: =SUMIF(BOM!$B:$B,원재료!$B20,BOM!M:M) -> 0 | AZ20: =SUMIF(BOM!$B:$B,원재료!$B20,BOM!N:N) -> 0 | BA20: =SUMIF(BOM!$B:$B,원재료!$B20,BOM!O:O) -> 0 | BB20: =SUMIF(BOM!$B:$B,원재료!$B20,BOM!P:P) -> 0
A21: 원재료 | B21: 253594 | C21: 파셀리 비씨(25kg) | D21: 25 | E21: 4220 | F21: =+H21+K21+N21 -> 98.33 | G21: =+E21*F21 -> 414952.6 | H21: =IFERROR(VLOOKUP(B21,'음성공장 재고장'!A:E,4,FALSE),0) -> 48.33 | I21: =+$E21*H21 -> 203952.6 | J21: =IFERROR(VLOOKUP(B21,'음성공장 재고장'!A:E,5,FALSE),0) -> 46315 | K21: =IFERROR(VLOOKUP(B21,'음성공장 재고장'!A:F,6,FALSE),0) -> 50 | L21: =+$E21*K21 -> 211000 | M21: =IFERROR(VLOOKUP(B21,'음성공장 재고장'!A:G,7,FALSE),0) -> 46009 | O21: =+$E21*N21 -> 0 | Q21: =IFERROR(R21/E21,0) -> 0 | R21: =IFERROR(IF(OR(V21<U21,S21=0),G21-S21*E21*(ABS(MONTH($S$1)-MONTH(V21))),0),0) -> 0 | S21: =AVERAGE(AQ21:AU21) -> 28.542561 | T21: =IFERROR(F21/S21,0) -> 3.4450308 | U21: =IF(H21=0,"재고없음",IF(S21=0,"사용없음",$S$1+T21*30)) -> 45906.351 | V21: =IF(F21=0,"재고없음",IF(AND(J21=0,M21=0,P21=0),"없음",MIN(J21,M21,P21))) -> 46009 | W21: =4*30 -> 120 | X21: 25 | Y21: =+S21*W21/30 -> 114.17024 | Z21: =IFERROR(IF(AND($S$1+W21-V21>0,(MAX(P21,M21,J21)<V21+W21)),"O",IF(OR(Y21-F21<=0,S21=0),"X","O")),0) -> O | AA21: =IFERROR(IF(U21="사용없음","X",IF(V21-U21>0,"O","X")),0) -> O | AB21: =IF(U21="사용없음",$AD$2,IF(T21=0,"-",IF(T21<=1,$AA$2,IF(AND(T21>1,T21<=4),$AB$2,$AD$2)))) -> B | AC21: =COUNTIF(BOM!B:B,원재료!B21) -> 7 | AD21: =IF(AND(AA21="X",AB21="C",AC21<2),"원료대체검토",IF(AND(AA21="X",AB21="C"),"소진계획필요","판매활성화")) -> 판매활성화 | AE21: 128.5 | AF21: 112.5 | AG21: 30 | AH21: 181 | AI21: 115.244 | AJ21: 252.004 | AK21: 108.5 | AL21: 82 | AM21: 66 | AN21: 61.962209 | AO21: 66 | AP21: 68 | AQ21: =SUMIF(BOM!$B:$B,원재료!$B21,BOM!E:E) -> 11.212803 | AR21: =SUMIF(BOM!$B:$B,원재료!$B21,BOM!F:F) -> 46 | AS21: =SUMIF(BOM!$B:$B,원재료!$B21,BOM!G:G) -> 46 | AT21: =SUMIF(BOM!$B:$B,원재료!$B21,BOM!H:H) -> 39.5 | AU21: =SUMIF(BOM!$B:$B,원재료!$B21,BOM!I:I) -> 0 | AV21: =SUMIF(BOM!$B:$B,원재료!$B21,BOM!J:J) -> 0 | AW21: =SUMIF(BOM!$B:$B,원재료!$B21,BOM!K:K) -> 0 | AX21: =SUMIF(BOM!$B:$B,원재료!$B21,BOM!L:L) -> 0 | AY21: =SUMIF(BOM!$B:$B,원재료!$B21,BOM!M:M) -> 0 | AZ21: =SUMIF(BOM!$B:$B,원재료!$B21,BOM!N:N) -> 0 | BA21: =SUMIF(BOM!$B:$B,원재료!$B21,BOM!O:O) -> 0 | BB21: =SUMIF(BOM!$B:$B,원재료!$B21,BOM!P:P) -> 0
A22: 원재료 | B22: 194034 | C22: 홍국쌀가루 대두식품(1kg) | D22: 1 | E22: 39150 | F22: =+H22+K22+N22 -> 1.25 | G22: =+E22*F22 -> 48937.5 | H22: =IFERROR(VLOOKUP(B22,'음성공장 재고장'!A:E,4,FALSE),0) -> 1.25 | I22: =+$E22*H22 -> 48937.5 | J22: =IFERROR(VLOOKUP(B22,'음성공장 재고장'!A:E,5,FALSE),0) -> 46009 | K22: =IFERROR(VLOOKUP(B22,'음성공장 재고장'!A:F,6,FALSE),0) -> 0 | L22: =+$E22*K22 -> 0 | M22: =IFERROR(VLOOKUP(B22,'음성공장 재고장'!A:G,7,FALSE),0) -> 없음 | O22: =+$E22*N22 -> 0 | Q22: =IFERROR(R22/E22,0) -> 0 | R22: =IFERROR(IF(OR(V22<U22,S22=0),G22-S22*E22*(ABS(MONTH($S$1)-MONTH(V22))),0),0) -> 0 | S22: =AVERAGE(AQ22:AU22) -> 2.04 | T22: =IFERROR(F22/S22,0) -> 0.6127451 | U22: =IF(H22=0,"재고없음",IF(S22=0,"사용없음",$S$1+T22*30)) -> 45821.382 | V22: =IF(F22=0,"재고없음",IF(AND(J22=0,M22=0,P22=0),"없음",MIN(J22,M22,P22))) -> 46009 | W22: 0 | X22: 0 | Y22: =+S22*W22/30 -> 0 | Z22: =IFERROR(IF(AND($S$1+W22-V22>0,(MAX(P22,M22,J22)<V22+W22)),"O",IF(OR(Y22-F22<=0,S22=0),"X","O")),0) -> X | AA22: =IFERROR(IF(U22="사용없음","X",IF(V22-U22>0,"O","X")),0) -> O | AB22: =IF(U22="사용없음",$AD$2,IF(T22=0,"-",IF(T22<=1,$AA$2,IF(AND(T22>1,T22<=4),$AB$2,$AD$2)))) -> A | AC22: =COUNTIF(BOM!B:B,원재료!B22) -> 3 | AD22: =IF(AND(AA22="X",AB22="C",AC22<2),"원료대체검토",IF(AND(AA22="X",AB22="C"),"소진계획필요","판매활성화")) -> 판매활성화 | AE22: 15.4 | AF22: 18.8 | AG22: 5.1 | AH22: 3.4 | AI22: 0 | AJ22: 14.45 | AK22: 12.85 | AL22: 10.2 | AM22: 6.8 | AN22: 10.2 | AO22: 6.8 | AP22: 3.4 | AQ22: =SUMIF(BOM!$B:$B,원재료!$B22,BOM!E:E) -> 0 | AR22: =SUMIF(BOM!$B:$B,원재료!$B22,BOM!F:F) -> 3.4 | AS22: =SUMIF(BOM!$B:$B,원재료!$B22,BOM!G:G) -> 3.4 | AT22: =SUMIF(BOM!$B:$B,원재료!$B22,BOM!H:H) -> 3.4 | AU22: =SUMIF(BOM!$B:$B,원재료!$B22,BOM!I:I) -> 0 | AV22: =SUMIF(BOM!$B:$B,원재료!$B22,BOM!J:J) -> 0 | AW22: =SUMIF(BOM!$B:$B,원재료!$B22,BOM!K:K) -> 0 | AX22: =SUMIF(BOM!$B:$B,원재료!$B22,BOM!L:L) -> 0 | AY22: =SUMIF(BOM!$B:$B,원재료!$B22,BOM!M:M) -> 0 | AZ22: =SUMIF(BOM!$B:$B,원재료!$B22,BOM!N:N) -> 0 | BA22: =SUMIF(BOM!$B:$B,원재료!$B22,BOM!O:O) -> 0 | BB22: =SUMIF(BOM!$B:$B,원재료!$B22,BOM!P:P) -> 0
A23: 원재료 | B23: 259263 | C23: 수프로620 분리대두단백 SOLAE(20kg) | D23: 20 | E23: 8900 | F23: =+H23+K23+N23 -> 13.65 | G23: =+E23*F23 -> 121485 | H23: =IFERROR(VLOOKUP(B23,'음성공장 재고장'!A:E,4,FALSE),0) -> 13.65 | I23: =+$E23*H23 -> 121485 | J23: =IFERROR(VLOOKUP(B23,'음성공장 재고장'!A:E,5,FALSE),0) -> 46253 | K23: =IFERROR(VLOOKUP(B23,'음성공장 재고장'!A:F,6,FALSE),0) -> 0 | L23: =+$E23*K23 -> 0 | M23: =IFERROR(VLOOKUP(B23,'음성공장 재고장'!A:G,7,FALSE),0) -> 없음 | O23: =+$E23*N23 -> 0 | Q23: =IFERROR(R23/E23,0) -> 0 | R23: =IFERROR(IF(OR(V23<U23,S23=0),G23-S23*E23*(ABS(MONTH($S$1)-MONTH(V23))),0),0) -> 0 | S23: =AVERAGE(AQ23:AU23) -> 26.250307 | T23: =IFERROR(F23/S23,0) -> 0.51999392 | U23: =IF(H23=0,"재고없음",IF(S23=0,"사용없음",$S$1+T23*30)) -> 45818.6 | V23: =IF(F23=0,"재고없음",IF(AND(J23=0,M23=0,P23=0),"없음",MIN(J23,M23,P23))) -> 46253 | W23: 0 | X23: 0 | Y23: =+S23*W23/30 -> 0 | Z23: =IFERROR(IF(AND($S$1+W23-V23>0,(MAX(P23,M23,J23)<V23+W23)),"O",IF(OR(Y23-F23<=0,S23=0),"X","O")),0) -> X | AA23: =IFERROR(IF(U23="사용없음","X",IF(V23-U23>0,"O","X")),0) -> O | AB23: =IF(U23="사용없음",$AD$2,IF(T23=0,"-",IF(T23<=1,$AA$2,IF(AND(T23>1,T23<=4),$AB$2,$AD$2)))) -> A | AC23: =COUNTIF(BOM!B:B,원재료!B23) -> 5 | AD23: =IF(AND(AA23="X",AB23="C",AC23<2),"원료대체검토",IF(AND(AA23="X",AB23="C"),"소진계획필요","판매활성화")) -> 판매활성화 | AE23: 250.01229 | AF23: 290.46535 | AG23: 116.8822 | AH23: 51.2548 | AI23: 17.753547 | AJ23: 192.50307 | AK23: 151.88834 | AL23: 222.19846 | AM23: 222.51945 | AN23: 131.25154 | AO23: 80 | AP23: 40 | AQ23: =SUMIF(BOM!$B:$B,원재료!$B23,BOM!E:E) -> 0 | AR23: =SUMIF(BOM!$B:$B,원재료!$B23,BOM!F:F) -> 51.251536 | AS23: =SUMIF(BOM!$B:$B,원재료!$B23,BOM!G:G) -> 40 | AT23: =SUMIF(BOM!$B:$B,원재료!$B23,BOM!H:H) -> 40 | AU23: =SUMIF(BOM!$B:$B,원재료!$B23,BOM!I:I) -> 0 | AV23: =SUMIF(BOM!$B:$B,원재료!$B23,BOM!J:J) -> 0 | AW23: =SUMIF(BOM!$B:$B,원재료!$B23,BOM!K:K) -> 0 | AX23: =SUMIF(BOM!$B:$B,원재료!$B23,BOM!L:L) -> 0 | AY23: =SUMIF(BOM!$B:$B,원재료!$B23,BOM!M:M) -> 0 | AZ23: =SUMIF(BOM!$B:$B,원재료!$B23,BOM!N:N) -> 0 | BA23: =SUMIF(BOM!$B:$B,원재료!$B23,BOM!O:O) -> 0 | BB23: =SUMIF(BOM!$B:$B,원재료!$B23,BOM!P:P) -> 0
A24: 원재료 | B24: 259262 | C24: 솔프로920 분리대두단백 Shangdong wonderful(20kg) | D24: 20 | E24: 7200 | F24: =+H24+K24+N24 -> 5.46 | G24: =+E24*F24 -> 39312 | H24: =IFERROR(VLOOKUP(B24,'음성공장 재고장'!A:E,4,FALSE),0) -> 5.46 | I24: =+$E24*H24 -> 39312 | J24: =IFERROR(VLOOKUP(B24,'음성공장 재고장'!A:E,5,FALSE),0) -> 45950 | K24: =IFERROR(VLOOKUP(B24,'음성공장 재고장'!A:F,6,FALSE),0) -> 0 | L24: =+$E24*K24 -> 0 | M24: =IFERROR(VLOOKUP(B24,'음성공장 재고장'!A:G,7,FALSE),0) -> 없음 | O24: =+$E24*N24 -> 0 | Q24: =IFERROR(R24/E24,0) -> 0 | R24: =IFERROR(IF(OR(V24<U24,S24=0),G24-S24*E24*(ABS(MONTH($S$1)-MONTH(V24))),0),0) -> 0 | S24: =AVERAGE(AQ24:AU24) -> 12 | T24: =IFERROR(F24/S24,0) -> 0.455 | U24: =IF(H24=0,"재고없음",IF(S24=0,"사용없음",$S$1+T24*30)) -> 45816.65 | V24: =IF(F24=0,"재고없음",IF(AND(J24=0,M24=0,P24=0),"없음",MIN(J24,M24,P24))) -> 45950 | W24: 0 | X24: 0 | Y24: =+S24*W24/30 -> 0 | Z24: =IFERROR(IF(AND($S$1+W24-V24>0,(MAX(P24,M24,J24)<V24+W24)),"O",IF(OR(Y24-F24<=0,S24=0),"X","O")),0) -> X | AA24: =IFERROR(IF(U24="사용없음","X",IF(V24-U24>0,"O","X")),0) -> O | AB24: =IF(U24="사용없음",$AD$2,IF(T24=0,"-",IF(T24<=1,$AA$2,IF(AND(T24>1,T24<=4),$AB$2,$AD$2)))) -> A | AC24: =COUNTIF(BOM!B:B,원재료!B24) -> 1 | AD24: =IF(AND(AA24="X",AB24="C",AC24<2),"원료대체검토",IF(AND(AA24="X",AB24="C"),"소진계획필요","판매활성화")) -> 판매활성화 | AE24: 60 | AF24: 45 | AG24: 30 | AH24: 20 | AI24: 0 | AJ24: 85 | AK24: 45 | AL24: 60 | AM24: 40 | AN24: 60 | AO24: 40 | AP24: 20 | AQ24: =SUMIF(BOM!$B:$B,원재료!$B24,BOM!E:E) -> 0 | AR24: =SUMIF(BOM!$B:$B,원재료!$B24,BOM!F:F) -> 20 | AS24: =SUMIF(BOM!$B:$B,원재료!$B24,BOM!G:G) -> 20 | AT24: =SUMIF(BOM!$B:$B,원재료!$B24,BOM!H:H) -> 20 | AU24: =SUMIF(BOM!$B:$B,원재료!$B24,BOM!I:I) -> 0 | AV24: =SUMIF(BOM!$B:$B,원재료!$B24,BOM!J:J) -> 0 | AW24: =SUMIF(BOM!$B:$B,원재료!$B24,BOM!K:K) -> 0 | AX24: =SUMIF(BOM!$B:$B,원재료!$B24,BOM!L:L) -> 0 | AY24: =SUMIF(BOM!$B:$B,원재료!$B24,BOM!M:M) -> 0 | AZ24: =SUMIF(BOM!$B:$B,원재료!$B24,BOM!N:N) -> 0 | BA24: =SUMIF(BOM!$B:$B,원재료!$B24,BOM!O:O) -> 0 | BB24: =SUMIF(BOM!$B:$B,원재료!$B24,BOM!P:P) -> 0
A25: 원재료 | B25: 257816 | C25: 린사이드 뉴트리 옴티멈 BA10-PW(25kg/ 프랑스) | D25: 25 | E25: 27000 | F25: =+H25+K25+N25 -> 11.4 | G25: =+E25*F25 -> 307800 | H25: =IFERROR(VLOOKUP(B25,'음성공장 재고장'!A:E,4,FALSE),0) -> 11.4 | I25: =+$E25*H25 -> 307800 | J25: =IFERROR(VLOOKUP(B25,'음성공장 재고장'!A:E,5,FALSE),0) -> 46200 | K25: =IFERROR(VLOOKUP(B25,'음성공장 재고장'!A:F,6,FALSE),0) -> 0 | L25: =+$E25*K25 -> 0 | M25: =IFERROR(VLOOKUP(B25,'음성공장 재고장'!A:G,7,FALSE),0) -> 없음 | O25: =+$E25*N25 -> 0 | Q25: =IFERROR(R25/E25,0) -> 0 | R25: =IFERROR(IF(OR(V25<U25,S25=0),G25-S25*E25*(ABS(MONTH($S$1)-MONTH(V25))),0),0) -> 0 | S25: =AVERAGE(AQ25:AU25) -> 8.4 | T25: =IFERROR(F25/S25,0) -> 1.3571429 | U25: =IF(H25=0,"재고없음",IF(S25=0,"사용없음",$S$1+T25*30)) -> 45843.714 | V25: =IF(F25=0,"재고없음",IF(AND(J25=0,M25=0,P25=0),"없음",MIN(J25,M25,P25))) -> 46200 | W25: 45 | X25: 0 | Y25: =+S25*W25/30 -> 12.6 | Z25: =IFERROR(IF(AND($S$1+W25-V25>0,(MAX(P25,M25,J25)<V25+W25)),"O",IF(OR(Y25-F25<=0,S25=0),"X","O")),0) -> O | AA25: =IFERROR(IF(U25="사용없음","X",IF(V25-U25>0,"O","X")),0) -> O | AB25: =IF(U25="사용없음",$AD$2,IF(T25=0,"-",IF(T25<=1,$AA$2,IF(AND(T25>1,T25<=4),$AB$2,$AD$2)))) -> B | AC25: =COUNTIF(BOM!B:B,원재료!B25) -> 1 | AD25: =IF(AND(AA25="X",AB25="C",AC25<2),"원료대체검토",IF(AND(AA25="X",AB25="C"),"소진계획필요","판매활성화")) -> 판매활성화 | AE25: 42 | AF25: 31.5 | AG25: 21 | AH25: 14 | AI25: 0 | AJ25: 59.5 | AK25: 31.5 | AL25: 42 | AM25: 28 | AN25: 42 | AO25: 28 | AP25: 14 | AQ25: =SUMIF(BOM!$B:$B,원재료!$B25,BOM!E:E) -> 0 | AR25: =SUMIF(BOM!$B:$B,원재료!$B25,BOM!F:F) -> 14 | AS25: =SUMIF(BOM!$B:$B,원재료!$B25,BOM!G:G) -> 14 | AT25: =SUMIF(BOM!$B:$B,원재료!$B25,BOM!H:H) -> 14 | AU25: =SUMIF(BOM!$B:$B,원재료!$B25,BOM!I:I) -> 0 | AV25: =SUMIF(BOM!$B:$B,원재료!$B25,BOM!J:J) -> 0 | AW25: =SUMIF(BOM!$B:$B,원재료!$B25,BOM!K:K) -> 0 | AX25: =SUMIF(BOM!$B:$B,원재료!$B25,BOM!L:L) -> 0 | AY25: =SUMIF(BOM!$B:$B,원재료!$B25,BOM!M:M) -> 0 | AZ25: =SUMIF(BOM!$B:$B,원재료!$B25,BOM!N:N) -> 0 | BA25: =SUMIF(BOM!$B:$B,원재료!$B25,BOM!O:O) -> 0 | BB25: =SUMIF(BOM!$B:$B,원재료!$B25,BOM!P:P) -> 0
A26: 원재료 | B26: 257817 | C26: 뉴트라바 시트러스 화이버 피크(15kg/브라질) | D26: 15 | E26: 24800 | F26: =+H26+K26+N26 -> 9.85 | G26: =+E26*F26 -> 244280 | H26: =IFERROR(VLOOKUP(B26,'음성공장 재고장'!A:E,4,FALSE),0) -> 9.85 | I26: =+$E26*H26 -> 244280 | J26: =IFERROR(VLOOKUP(B26,'음성공장 재고장'!A:E,5,FALSE),0) -> 46148 | K26: =IFERROR(VLOOKUP(B26,'음성공장 재고장'!A:F,6,FALSE),0) -> 0 | L26: =+$E26*K26 -> 0 | M26: =IFERROR(VLOOKUP(B26,'음성공장 재고장'!A:G,7,FALSE),0) -> 없음 | O26: =+$E26*N26 -> 0 | Q26: =IFERROR(R26/E26,0) -> 0 | R26: =IFERROR(IF(OR(V26<U26,S26=0),G26-S26*E26*(ABS(MONTH($S$1)-MONTH(V26))),0),0) -> 0 | S26: =AVERAGE(AQ26:AU26) -> 10.8 | T26: =IFERROR(F26/S26,0) -> 0.91203704 | U26: =IF(H26=0,"재고없음",IF(S26=0,"사용없음",$S$1+T26*30)) -> 45830.361 | V26: =IF(F26=0,"재고없음",IF(AND(J26=0,M26=0,P26=0),"없음",MIN(J26,M26,P26))) -> 46148 | W26: =4*30 -> 120 | X26: 15 | Y26: =+S26*W26/30 -> 43.2 | Z26: =IFERROR(IF(AND($S$1+W26-V26>0,(MAX(P26,M26,J26)<V26+W26)),"O",IF(OR(Y26-F26<=0,S26=0),"X","O")),0) -> O | AA26: =IFERROR(IF(U26="사용없음","X",IF(V26-U26>0,"O","X")),0) -> O | AB26: =IF(U26="사용없음",$AD$2,IF(T26=0,"-",IF(T26<=1,$AA$2,IF(AND(T26>1,T26<=4),$AB$2,$AD$2)))) -> A | AC26: =COUNTIF(BOM!B:B,원재료!B26) -> 1 | AD26: =IF(AND(AA26="X",AB26="C",AC26<2),"원료대체검토",IF(AND(AA26="X",AB26="C"),"소진계획필요","판매활성화")) -> 판매활성화 | AE26: 54 | AF26: 40.5 | AG26: 27 | AH26: 18 | AI26: 0 | AJ26: 76.5 | AK26: 40.5 | AL26: 54 | AM26: 36 | AN26: 54 | AO26: 36 | AP26: 18 | AQ26: =SUMIF(BOM!$B:$B,원재료!$B26,BOM!E:E) -> 0 | AR26: =SUMIF(BOM!$B:$B,원재료!$B26,BOM!F:F) -> 18 | AS26: =SUMIF(BOM!$B:$B,원재료!$B26,BOM!G:G) -> 18 | AT26: =SUMIF(BOM!$B:$B,원재료!$B26,BOM!H:H) -> 18 | AU26: =SUMIF(BOM!$B:$B,원재료!$B26,BOM!I:I) -> 0 | AV26: =SUMIF(BOM!$B:$B,원재료!$B26,BOM!J:J) -> 0 | AW26: =SUMIF(BOM!$B:$B,원재료!$B26,BOM!K:K) -> 0 | AX26: =SUMIF(BOM!$B:$B,원재료!$B26,BOM!L:L) -> 0 | AY26: =SUMIF(BOM!$B:$B,원재료!$B26,BOM!M:M) -> 0 | AZ26: =SUMIF(BOM!$B:$B,원재료!$B26,BOM!N:N) -> 0 | BA26: =SUMIF(BOM!$B:$B,원재료!$B26,BOM!O:O) -> 0 | BB26: =SUMIF(BOM!$B:$B,원재료!$B26,BOM!P:P) -> 0
A27: 원재료 | B27: 257819 | C27: BM-S02 플레이버(25kg/태국) | D27: 25 | E27: 70300 | F27: =+H27+K27+N27 -> 25.24 | G27: =+E27*F27 -> 1774372 | H27: =IFERROR(VLOOKUP(B27,'음성공장 재고장'!A:E,4,FALSE),0) -> 0.24 | I27: =+$E27*H27 -> 16872 | J27: 46113 | K27: 25 | L27: =+$E27*K27 -> 1757500 | M27: =IFERROR(VLOOKUP(B27,'음성공장 재고장'!A:G,7,FALSE),0) -> 없음 | O27: =+$E27*N27 -> 0 | Q27: =IFERROR(R27/E27,0) -> 0 | R27: =IFERROR(IF(OR(V27<U27,S27=0),G27-S27*E27*(ABS(MONTH($S$1)-MONTH(V27))),0),0) -> 0 | S27: =AVERAGE(AQ27:AU27) -> 3.6 | T27: =IFERROR(F27/S27,0) -> 7.0111111 | U27: =IF(H27=0,"재고없음",IF(S27=0,"사용없음",$S$1+T27*30)) -> 46013.333 | V27: =IF(F27=0,"재고없음",IF(AND(J27=0,M27=0,P27=0),"없음",MIN(J27,M27,P27))) -> 46113 | W27: 56 | X27: 25 | Y27: =+S27*W27/30 -> 6.72 | Z27: =IFERROR(IF(AND($S$1+W27-V27>0,(MAX(P27,M27,J27)<V27+W27)),"O",IF(OR(Y27-F27<=0,S27=0),"X","O")),0) -> X | AA27: =IFERROR(IF(U27="사용없음","X",IF(V27-U27>0,"O","X")),0) -> O | AB27: =IF(U27="사용없음",$AD$2,IF(T27=0,"-",IF(T27<=1,$AA$2,IF(AND(T27>1,T27<=4),$AB$2,$AD$2)))) -> C | AC27: =COUNTIF(BOM!B:B,원재료!B27) -> 1 | AD27: =IF(AND(AA27="X",AB27="C",AC27<2),"원료대체검토",IF(AND(AA27="X",AB27="C"),"소진계획필요","판매활성화")) -> 판매활성화 | AE27: 18 | AF27: 13.5 | AG27: 9 | AH27: 6 | AI27: 0 | AJ27: 25.5 | AK27: 13.5 | AL27: 18 | AM27: 12 | AN27: 18 | AO27: 12 | AP27: 6 | AQ27: =SUMIF(BOM!$B:$B,원재료!$B27,BOM!E:E) -> 0 | AR27: =SUMIF(BOM!$B:$B,원재료!$B27,BOM!F:F) -> 6 | AS27: =SUMIF(BOM!$B:$B,원재료!$B27,BOM!G:G) -> 6 | AT27: =SUMIF(BOM!$B:$B,원재료!$B27,BOM!H:H) -> 6 | AU27: =SUMIF(BOM!$B:$B,원재료!$B27,BOM!I:I) -> 0 | AV27: =SUMIF(BOM!$B:$B,원재료!$B27,BOM!J:J) -> 0 | AW27: =SUMIF(BOM!$B:$B,원재료!$B27,BOM!K:K) -> 0 | AX27: =SUMIF(BOM!$B:$B,원재료!$B27,BOM!L:L) -> 0 | AY27: =SUMIF(BOM!$B:$B,원재료!$B27,BOM!M:M) -> 0 | AZ27: =SUMIF(BOM!$B:$B,원재료!$B27,BOM!N:N) -> 0 | BA27: =SUMIF(BOM!$B:$B,원재료!$B27,BOM!O:O) -> 0 | BB27: =SUMIF(BOM!$B:$B,원재료!$B27,BOM!P:P) -> 0
A28: 원재료 | B28: 311779 | C28: 발효추출물 CJ제일제당(20KG) | D28: 20 | E28: 25000 | F28: =+H28+K28+N28 -> 9.92 | G28: =+E28*F28 -> 248000 | H28: =IFERROR(VLOOKUP(B28,'음성공장 재고장'!A:E,4,FALSE),0) -> 9.92 | I28: =+$E28*H28 -> 248000 | J28: =IFERROR(VLOOKUP(B28,'음성공장 재고장'!A:E,5,FALSE),0) -> 46669 | K28: =IFERROR(VLOOKUP(B28,'음성공장 재고장'!A:F,6,FALSE),0) -> 0 | L28: =+$E28*K28 -> 0 | M28: =IFERROR(VLOOKUP(B28,'음성공장 재고장'!A:G,7,FALSE),0) -> 없음 | O28: =+$E28*N28 -> 0 | Q28: =IFERROR(R28/E28,0) -> 0 | R28: =IFERROR(IF(OR(V28<U28,S28=0),G28-S28*E28*(ABS(MONTH($S$1)-MONTH(V28))),0),0) -> 0 | S28: =AVERAGE(AQ28:AU28) -> 4.462171 | T28: =IFERROR(F28/S28,0) -> 2.2231331 | U28: =IF(H28=0,"재고없음",IF(S28=0,"사용없음",$S$1+T28*30)) -> 45869.694 | V28: =IF(F28=0,"재고없음",IF(AND(J28=0,M28=0,P28=0),"없음",MIN(J28,M28,P28))) -> 46669 | W28: 0 | X28: 0 | Y28: =+S28*W28/30 -> 0 | Z28: =IFERROR(IF(AND($S$1+W28-V28>0,(MAX(P28,M28,J28)<V28+W28)),"O",IF(OR(Y28-F28<=0,S28=0),"X","O")),0) -> X | AA28: =IFERROR(IF(U28="사용없음","X",IF(V28-U28>0,"O","X")),0) -> O | AB28: =IF(U28="사용없음",$AD$2,IF(T28=0,"-",IF(T28<=1,$AA$2,IF(AND(T28>1,T28<=4),$AB$2,$AD$2)))) -> B | AC28: =COUNTIF(BOM!B:B,원재료!B28) -> 7 | AD28: =IF(AND(AA28="X",AB28="C",AC28<2),"원료대체검토",IF(AND(AA28="X",AB28="C"),"소진계획필요","판매활성화")) -> 판매활성화 | AE28: 20.86 | AF28: 9.75 | AG28: 2.36 | AH28: 51.5 | AI28: 38.612 | AJ28: 45.342 | AK28: 17.25 | AL28: 6 | AM28: 7 | AN28: 54.505814 | AO28: 7 | AP28: 13 | AQ28: =SUMIF(BOM!$B:$B,원재료!$B28,BOM!E:E) -> 3.060855 | AR28: =SUMIF(BOM!$B:$B,원재료!$B28,BOM!F:F) -> 7 | AS28: =SUMIF(BOM!$B:$B,원재료!$B28,BOM!G:G) -> 7 | AT28: =SUMIF(BOM!$B:$B,원재료!$B28,BOM!H:H) -> 5.25 | AU28: =SUMIF(BOM!$B:$B,원재료!$B28,BOM!I:I) -> 0 | AV28: =SUMIF(BOM!$B:$B,원재료!$B28,BOM!J:J) -> 0 | AW28: =SUMIF(BOM!$B:$B,원재료!$B28,BOM!K:K) -> 0 | AX28: =SUMIF(BOM!$B:$B,원재료!$B28,BOM!L:L) -> 0 | AY28: =SUMIF(BOM!$B:$B,원재료!$B28,BOM!M:M) -> 0 | AZ28: =SUMIF(BOM!$B:$B,원재료!$B28,BOM!N:N) -> 0 | BA28: =SUMIF(BOM!$B:$B,원재료!$B28,BOM!O:O) -> 0 | BB28: =SUMIF(BOM!$B:$B,원재료!$B28,BOM!P:P) -> 0
A29: 원재료 | B29: 310871 | C29: 퍼펙타겔 엠피티 에이앤에스 스타치 | D29: 25 | E29: 4550 | F29: =+H29+K29+N29 -> 12.01 | G29: =+E29*F29 -> 54645.5 | H29: =IFERROR(VLOOKUP(B29,'음성공장 재고장'!A:E,4,FALSE),0) -> 12.01 | I29: =+$E29*H29 -> 54645.5 | J29: =IFERROR(VLOOKUP(B29,'음성공장 재고장'!A:E,5,FALSE),0) -> 46024 | K29: =IFERROR(VLOOKUP(B29,'음성공장 재고장'!A:F,6,FALSE),0) -> 0 | L29: =+$E29*K29 -> 0 | M29: =IFERROR(VLOOKUP(B29,'음성공장 재고장'!A:G,7,FALSE),0) -> 없음 | O29: =+$E29*N29 -> 0 | Q29: =IFERROR(R29/E29,0) -> 0 | R29: =IFERROR(IF(OR(V29<U29,S29=0),G29-S29*E29*(ABS(MONTH($S$1)-MONTH(V29))),0),0) -> 0 | S29: =AVERAGE(AQ29:AU29) -> 13.316382 | T29: =IFERROR(F29/S29,0) -> 0.90189661 | U29: =IF(H29=0,"재고없음",IF(S29=0,"사용없음",$S$1+T29*30)) -> 45830.057 | V29: =IF(F29=0,"재고없음",IF(AND(J29=0,M29=0,P29=0),"없음",MIN(J29,M29,P29))) -> 46024 | W29: =4*30 -> 120 | X29: 25 | Y29: =+S29*W29/30 -> 53.265529 | Z29: =IFERROR(IF(AND($S$1+W29-V29>0,(MAX(P29,M29,J29)<V29+W29)),"O",IF(OR(Y29-F29<=0,S29=0),"X","O")),0) -> O | AA29: =IFERROR(IF(U29="사용없음","X",IF(V29-U29>0,"O","X")),0) -> O | AB29: =IF(U29="사용없음",$AD$2,IF(T29=0,"-",IF(T29<=1,$AA$2,IF(AND(T29>1,T29<=4),$AB$2,$AD$2)))) -> A | AC29: =COUNTIF(BOM!B:B,원재료!B29) -> 7 | AD29: =IF(AND(AA29="X",AB29="C",AC29<2),"원료대체검토",IF(AND(AA29="X",AB29="C"),"소진계획필요","판매활성화")) -> 판매활성화 | AE29: 112.65529 | AF29: 123.9471 | AG29: 20 | AH29: 99 | AI29: 121.38387 | AJ29: 62.763823 | AK29: 40.827645 | AL29: 115.14608 | AM29: 99.037543 | AN29: 23.681911 | AO29: 22 | AP29: 22 | AQ29: =SUMIF(BOM!$B:$B,원재료!$B29,BOM!E:E) -> 0 | AR29: =SUMIF(BOM!$B:$B,원재료!$B29,BOM!F:F) -> 28.081911 | AS29: =SUMIF(BOM!$B:$B,원재료!$B29,BOM!G:G) -> 22 | AT29: =SUMIF(BOM!$B:$B,원재료!$B29,BOM!H:H) -> 16.5 | AU29: =SUMIF(BOM!$B:$B,원재료!$B29,BOM!I:I) -> 0 | AV29: =SUMIF(BOM!$B:$B,원재료!$B29,BOM!J:J) -> 0 | AW29: =SUMIF(BOM!$B:$B,원재료!$B29,BOM!K:K) -> 0 | AX29: =SUMIF(BOM!$B:$B,원재료!$B29,BOM!L:L) -> 0 | AY29: =SUMIF(BOM!$B:$B,원재료!$B29,BOM!M:M) -> 0 | AZ29: =SUMIF(BOM!$B:$B,원재료!$B29,BOM!N:N) -> 0 | BA29: =SUMIF(BOM!$B:$B,원재료!$B29,BOM!O:O) -> 0 | BB29: =SUMIF(BOM!$B:$B,원재료!$B29,BOM!P:P) -> 0
A30: 원재료 | B30: 315151 | C30: 캐러멜화설탕혼합분말 케이에스진 | D30: 1 | E30: 29200 | F30: =+H30+K30+N30 -> 282.59 | G30: =+E30*F30 -> 8251628 | H30: =IFERROR(VLOOKUP(B30,'음성공장 재고장'!A:E,4,FALSE),0) -> 182.59 | I30: =+$E30*H30 -> 5331628 | J30: =IFERROR(VLOOKUP(B30,'음성공장 재고장'!A:E,5,FALSE),0) -> 46122 | K30: =IFERROR(VLOOKUP(B30,'음성공장 재고장'!A:F,6,FALSE),0) -> 0 | L30: =+$E30*K30 -> 0 | M30: =IFERROR(VLOOKUP(B30,'음성공장 재고장'!A:G,7,FALSE),0) -> 없음 | N30: 100 | O30: =+$E30*N30 -> 2920000 | P30: 46171 | Q30: =IFERROR(R30/E30,0) -> 281.39 | R30: =IFERROR(IF(OR(V30<U30,S30=0),G30-S30*E30*(ABS(MONTH($S$1)-MONTH(V30))),0),0) -> 8216588 | S30: =AVERAGE(AQ30:AU30) -> 1.2 | T30: =IFERROR(F30/S30,0) -> 235.49167 | U30: =IF(H30=0,"재고없음",IF(S30=0,"사용없음",$S$1+T30*30)) -> 52867.75 | V30: =IF(F30=0,"재고없음",IF(AND(J30=0,M30=0,P30=0),"없음",MIN(J30,M30,P30))) -> 46122 | W30: 30 | X30: 100 | Y30: =+S30*W30/30 -> 1.2 | Z30: =IFERROR(IF(AND($S$1+W30-V30>0,(MAX(P30,M30,J30)<V30+W30)),"O",IF(OR(Y30-F30<=0,S30=0),"X","O")),0) -> X | AA30: =IFERROR(IF(U30="사용없음","X",IF(V30-U30>0,"O","X")),0) -> X | AB30: =IF(U30="사용없음",$AD$2,IF(T30=0,"-",IF(T30<=1,$AA$2,IF(AND(T30>1,T30<=4),$AB$2,$AD$2)))) -> C | AC30: =COUNTIF(BOM!B:B,원재료!B30) -> 3 | AD30: =IF(AND(AA30="X",AB30="C",AC30<2),"원료대체검토",IF(AND(AA30="X",AB30="C"),"소진계획필요","판매활성화")) -> 소진계획필요 | AE30: 1.18 | AF30: 0.27186 | AG30: 11.8986 | AH30: 45.8124 | AI30: 23.75 | AJ30: 0 | AK30: 8.7186 | AL30: 0.27186 | AM30: 0 | AN30: 0 | AO30: 12 | AP30: 8 | AQ30: =SUMIF(BOM!$B:$B,원재료!$B30,BOM!E:E) -> 0 | AR30: =SUMIF(BOM!$B:$B,원재료!$B30,BOM!F:F) -> 0 | AS30: =SUMIF(BOM!$B:$B,원재료!$B30,BOM!G:G) -> 0 | AT30: =SUMIF(BOM!$B:$B,원재료!$B30,BOM!H:H) -> 0 | AU30: =SUMIF(BOM!$B:$B,원재료!$B30,BOM!I:I) -> 6 | AV30: =SUMIF(BOM!$B:$B,원재료!$B30,BOM!J:J) -> 0 | AW30: =SUMIF(BOM!$B:$B,원재료!$B30,BOM!K:K) -> 0 | AX30: =SUMIF(BOM!$B:$B,원재료!$B30,BOM!L:L) -> 0 | AY30: =SUMIF(BOM!$B:$B,원재료!$B30,BOM!M:M) -> 0 | AZ30: =SUMIF(BOM!$B:$B,원재료!$B30,BOM!N:N) -> 0 | BA30: =SUMIF(BOM!$B:$B,원재료!$B30,BOM!O:O) -> 0 | BB30: =SUMIF(BOM!$B:$B,원재료!$B30,BOM!P:P) -> 0
A31: 원재료 | B31: 324581 | C31: 썬믹스 NH 20KG | D31: 0 | E31: 34000 | F31: =+H31+K31+N31 -> 0 | G31: =+E31*F31 -> 0 | H31: =IFERROR(VLOOKUP(B31,'음성공장 재고장'!A:E,4,FALSE),0) -> 0 | I31: =+$E31*H31 -> 0 | J31: =IFERROR(VLOOKUP(B31,'음성공장 재고장'!A:E,5,FALSE),0) -> 없음 | K31: =IFERROR(VLOOKUP(B31,'음성공장 재고장'!A:F,6,FALSE),0) -> 0 | L31: =+$E31*K31 -> 0 | M31: =IFERROR(VLOOKUP(B31,'음성공장 재고장'!A:G,7,FALSE),0) -> 없음 | O31: =+$E31*N31 -> 0 | Q31: =IFERROR(R31/E31,0) -> 0 | R31: =IFERROR(IF(OR(V31<U31,S31=0),G31-S31*E31*(ABS(MONTH($S$1)-MONTH(V31))),0),0) -> 0 | S31: =AVERAGE(AQ31:AU31) -> 0 | T31: =IFERROR(F31/S31,0) -> 0 | U31: =IF(H31=0,"재고없음",IF(S31=0,"사용없음",$S$1+T31*30)) -> 재고없음 | V31: =IF(F31=0,"재고없음",IF(AND(J31=0,M31=0,P31=0),"없음",MIN(J31,M31,P31))) -> 재고없음 | W31: 3 | X31: 20 | Y31: =+S31*W31/30 -> 0 | Z31: =IFERROR(IF(AND($S$1+W31-V31>0,(MAX(P31,M31,J31)<V31+W31)),"O",IF(OR(Y31-F31<=0,S31=0),"X","O")),0) -> 0 | AA31: =IFERROR(IF(U31="사용없음","X",IF(V31-U31>0,"O","X")),0) -> 0 | AB31: =IF(U31="사용없음",$AD$2,IF(T31=0,"-",IF(T31<=1,$AA$2,IF(AND(T31>1,T31<=4),$AB$2,$AD$2)))) -> - | AC31: =COUNTIF(BOM!B:B,원재료!B31) -> 1 | AD31: =IF(AND(AA31="X",AB31="C",AC31<2),"원료대체검토",IF(AND(AA31="X",AB31="C"),"소진계획필요","판매활성화")) -> 판매활성화 | AE31: 0 | AF31: 0 | AG31: 0 | AH31: 0 | AI31: 0 | AJ31: 0 | AK31: 0 | AL31: 0 | AM31: 0 | AN31: 0 | AO31: 0 | AP31: 0 | AQ31: =SUMIF(BOM!$B:$B,원재료!$B31,BOM!E:E) -> 0 | AR31: =SUMIF(BOM!$B:$B,원재료!$B31,BOM!F:F) -> 0 | AS31: =SUMIF(BOM!$B:$B,원재료!$B31,BOM!G:G) -> 0 | AT31: =SUMIF(BOM!$B:$B,원재료!$B31,BOM!H:H) -> 0 | AU31: =SUMIF(BOM!$B:$B,원재료!$B31,BOM!I:I) -> 0 | AV31: =SUMIF(BOM!$B:$B,원재료!$B31,BOM!J:J) -> 0 | AW31: =SUMIF(BOM!$B:$B,원재료!$B31,BOM!K:K) -> 0 | AX31: =SUMIF(BOM!$B:$B,원재료!$B31,BOM!L:L) -> 0 | AY31: =SUMIF(BOM!$B:$B,원재료!$B31,BOM!M:M) -> 0 | AZ31: =SUMIF(BOM!$B:$B,원재료!$B31,BOM!N:N) -> 0 | BA31: =SUMIF(BOM!$B:$B,원재료!$B31,BOM!O:O) -> 0 | BB31: =SUMIF(BOM!$B:$B,원재료!$B31,BOM!P:P) -> 0
A32: 원재료 | B32: 324582 | C32: 썬에이스H 삼양사 20KG | D32: 0 | E32: 37400 | F32: =+H32+K32+N32 -> 0 | G32: =+E32*F32 -> 0 | H32: =IFERROR(VLOOKUP(B32,'음성공장 재고장'!A:E,4,FALSE),0) -> 0 | I32: =+$E32*H32 -> 0 | J32: =IFERROR(VLOOKUP(B32,'음성공장 재고장'!A:E,5,FALSE),0) -> 없음 | K32: =IFERROR(VLOOKUP(B32,'음성공장 재고장'!A:F,6,FALSE),0) -> 0 | L32: =+$E32*K32 -> 0 | M32: =IFERROR(VLOOKUP(B32,'음성공장 재고장'!A:G,7,FALSE),0) -> 없음 | O32: =+$E32*N32 -> 0 | Q32: =IFERROR(R32/E32,0) -> 0 | R32: =IFERROR(IF(OR(V32<U32,S32=0),G32-S32*E32*(ABS(MONTH($S$1)-MONTH(V32))),0),0) -> 0 | S32: =AVERAGE(AQ32:AU32) -> 0 | T32: =IFERROR(F32/S32,0) -> 0 | U32: =IF(H32=0,"재고없음",IF(S32=0,"사용없음",$S$1+T32*30)) -> 재고없음 | V32: =IF(F32=0,"재고없음",IF(AND(J32=0,M32=0,P32=0),"없음",MIN(J32,M32,P32))) -> 재고없음 | W32: 3 | X32: 20 | Y32: =+S32*W32/30 -> 0 | Z32: =IFERROR(IF(AND($S$1+W32-V32>0,(MAX(P32,M32,J32)<V32+W32)),"O",IF(OR(Y32-F32<=0,S32=0),"X","O")),0) -> 0 | AA32: =IFERROR(IF(U32="사용없음","X",IF(V32-U32>0,"O","X")),0) -> 0 | AB32: =IF(U32="사용없음",$AD$2,IF(T32=0,"-",IF(T32<=1,$AA$2,IF(AND(T32>1,T32<=4),$AB$2,$AD$2)))) -> - | AC32: =COUNTIF(BOM!B:B,원재료!B32) -> 1 | AD32: =IF(AND(AA32="X",AB32="C",AC32<2),"원료대체검토",IF(AND(AA32="X",AB32="C"),"소진계획필요","판매활성화")) -> 판매활성화 | AE32: 0 | AF32: 0 | AG32: 0 | AH32: 0 | AI32: 0 | AJ32: 0 | AK32: 0 | AL32: 0 | AM32: 0 | AN32: 0 | AO32: 0 | AP32: 0 | AQ32: =SUMIF(BOM!$B:$B,원재료!$B32,BOM!E:E) -> 0 | AR32: =SUMIF(BOM!$B:$B,원재료!$B32,BOM!F:F) -> 0 | AS32: =SUMIF(BOM!$B:$B,원재료!$B32,BOM!G:G) -> 0 | AT32: =SUMIF(BOM!$B:$B,원재료!$B32,BOM!H:H) -> 0 | AU32: =SUMIF(BOM!$B:$B,원재료!$B32,BOM!I:I) -> 0 | AV32: =SUMIF(BOM!$B:$B,원재료!$B32,BOM!J:J) -> 0 | AW32: =SUMIF(BOM!$B:$B,원재료!$B32,BOM!K:K) -> 0 | AX32: =SUMIF(BOM!$B:$B,원재료!$B32,BOM!L:L) -> 0 | AY32: =SUMIF(BOM!$B:$B,원재료!$B32,BOM!M:M) -> 0 | AZ32: =SUMIF(BOM!$B:$B,원재료!$B32,BOM!N:N) -> 0 | BA32: =SUMIF(BOM!$B:$B,원재료!$B32,BOM!O:O) -> 0 | BB32: =SUMIF(BOM!$B:$B,원재료!$B32,BOM!P:P) -> 0
A33: 원재료 | B33: 320617 | C33: 간장소스BM 동원홈푸드 | D33: 5 | E33: 3610 | F33: =+H33+K33+N33 -> 0 | G33: =+E33*F33 -> 0 | H33: =IFERROR(VLOOKUP(B33,'음성공장 재고장'!A:E,4,FALSE),0) -> 0 | I33: =+$E33*H33 -> 0 | J33: =IFERROR(VLOOKUP(B33,'음성공장 재고장'!A:E,5,FALSE),0) -> 없음 | K33: =IFERROR(VLOOKUP(B33,'음성공장 재고장'!A:F,6,FALSE),0) -> 0 | L33: =+$E33*K33 -> 0 | M33: =IFERROR(VLOOKUP(B33,'음성공장 재고장'!A:G,7,FALSE),0) -> 없음 | O33: =+$E33*N33 -> 0 | Q33: =IFERROR(R33/E33,0) -> 0 | R33: =IFERROR(IF(OR(V33<U33,S33=0),G33-S33*E33*(ABS(MONTH($S$1)-MONTH(V33))),0),0) -> 0 | S33: =AVERAGE(AQ33:AU33) -> 0 | T33: =IFERROR(F33/S33,0) -> 0 | U33: =IF(H33=0,"재고없음",IF(S33=0,"사용없음",$S$1+T33*30)) -> 재고없음 | V33: =IF(F33=0,"재고없음",IF(AND(J33=0,M33=0,P33=0),"없음",MIN(J33,M33,P33))) -> 재고없음 | W33: =3*7 -> 21 | X33: 1500 | Y33: =+S33*W33/30 -> 0 | Z33: =IFERROR(IF(AND($S$1+W33-V33>0,(MAX(P33,M33,J33)<V33+W33)),"O",IF(OR(Y33-F33<=0,S33=0),"X","O")),0) -> 0 | AA33: =IFERROR(IF(U33="사용없음","X",IF(V33-U33>0,"O","X")),0) -> 0 | AB33: =IF(U33="사용없음",$AD$2,IF(T33=0,"-",IF(T33<=1,$AA$2,IF(AND(T33>1,T33<=4),$AB$2,$AD$2)))) -> - | AC33: =COUNTIF(BOM!B:B,원재료!B33) -> 2 | AD33: =IF(AND(AA33="X",AB33="C",AC33<2),"원료대체검토",IF(AND(AA33="X",AB33="C"),"소진계획필요","판매활성화")) -> 판매활성화 | AE33: 0 | AF33: 100.14876 | AG33: 1001.4876 | AH33: 667.6584 | AI33: 0 | AJ33: 5 | AK33: 1001.4876 | AL33: 150.14876 | AM33: 0 | AN33: 80 | AO33: 0 | AP33: 0 | AQ33: =SUMIF(BOM!$B:$B,원재료!$B33,BOM!E:E) -> 0 | AR33: =SUMIF(BOM!$B:$B,원재료!$B33,BOM!F:F) -> 0 | AS33: =SUMIF(BOM!$B:$B,원재료!$B33,BOM!G:G) -> 0 | AT33: =SUMIF(BOM!$B:$B,원재료!$B33,BOM!H:H) -> 0 | AU33: =SUMIF(BOM!$B:$B,원재료!$B33,BOM!I:I) -> 0 | AV33: =SUMIF(BOM!$B:$B,원재료!$B33,BOM!J:J) -> 0 | AW33: =SUMIF(BOM!$B:$B,원재료!$B33,BOM!K:K) -> 0 | AX33: =SUMIF(BOM!$B:$B,원재료!$B33,BOM!L:L) -> 0 | AY33: =SUMIF(BOM!$B:$B,원재료!$B33,BOM!M:M) -> 0 | AZ33: =SUMIF(BOM!$B:$B,원재료!$B33,BOM!N:N) -> 0 | BA33: =SUMIF(BOM!$B:$B,원재료!$B33,BOM!O:O) -> 0 | BB33: =SUMIF(BOM!$B:$B,원재료!$B33,BOM!P:P) -> 0
A34: 원재료 | B34: 318063 | C34: 콜드컷 플레이버 블랜드 KERRY | D34: 25 | E34: 38887.56 | F34: =+H34+K34+N34 -> 0 | G34: =+E34*F34 -> 0 | H34: =IFERROR(VLOOKUP(B34,'음성공장 재고장'!A:E,4,FALSE),0) -> 0 | I34: =+$E34*H34 -> 0 | J34: =IFERROR(VLOOKUP(B34,'음성공장 재고장'!A:E,5,FALSE),0) -> 없음 | K34: =IFERROR(VLOOKUP(B34,'음성공장 재고장'!A:F,6,FALSE),0) -> 0 | L34: =+$E34*K34 -> 0 | M34: =IFERROR(VLOOKUP(B34,'음성공장 재고장'!A:G,7,FALSE),0) -> 없음 | Q34: =IFERROR(R34/E34,0) -> 0 | R34: =IFERROR(IF(OR(V34<U34,S34=0),G34-S34*E34*(ABS(MONTH($S$1)-MONTH(V34))),0),0) -> 0 | S34: =AVERAGE(AQ34:AU34) -> 1.2163823 | T34: =IFERROR(F34/S34,0) -> 0 | U34: =IF(H34=0,"재고없음",IF(S34=0,"사용없음",$S$1+T34*30)) -> 재고없음 | V34: =IF(F34=0,"재고없음",IF(AND(J34=0,M34=0,P34=0),"없음",MIN(J34,M34,P34))) -> 재고없음 | W34: 120 | X34: 200 | Y34: =+S34*W34/30 -> 4.865529 | Z34: =IFERROR(IF(AND($S$1+W34-V34>0,(MAX(P34,M34,J34)<V34+W34)),"O",IF(OR(Y34-F34<=0,S34=0),"X","O")),0) -> 0 | AA34: =IFERROR(IF(U34="사용없음","X",IF(V34-U34>0,"O","X")),0) -> 0 | AB34: =IF(U34="사용없음",$AD$2,IF(T34=0,"-",IF(T34<=1,$AA$2,IF(AND(T34>1,T34<=4),$AB$2,$AD$2)))) -> - | AC34: =COUNTIF(BOM!B:B,원재료!B34) -> 1 | AD34: =IF(AND(AA34="X",AB34="C",AC34<2),"원료대체검토",IF(AND(AA34="X",AB34="C"),"소진계획필요","판매활성화")) -> 판매활성화 | AE34: 48.65529 | AF34: 107.4471 | AG34: 0 | AH34: 0 | AI34: 0 | AJ34: 12.163823 | AK34: 24.327645 | AL34: 40.546075 | AM34: 77.037543 | AN34: 6.0819113 | AO34: 0 | AP34: 0 | AQ34: =SUMIF(BOM!$B:$B,원재료!$B34,BOM!E:E) -> 0 | AR34: =SUMIF(BOM!$B:$B,원재료!$B34,BOM!F:F) -> 6.0819113 | AS34: =SUMIF(BOM!$B:$B,원재료!$B34,BOM!G:G) -> 0 | AT34: =SUMIF(BOM!$B:$B,원재료!$B34,BOM!H:H) -> 0 | AU34: =SUMIF(BOM!$B:$B,원재료!$B34,BOM!I:I) -> 0 | AV34: =SUMIF(BOM!$B:$B,원재료!$B34,BOM!J:J) -> 0 | AW34: =SUMIF(BOM!$B:$B,원재료!$B34,BOM!K:K) -> 0 | AX34: =SUMIF(BOM!$B:$B,원재료!$B34,BOM!L:L) -> 0 | AY34: =SUMIF(BOM!$B:$B,원재료!$B34,BOM!M:M) -> 0 | AZ34: =SUMIF(BOM!$B:$B,원재료!$B34,BOM!N:N) -> 0 | BA34: =SUMIF(BOM!$B:$B,원재료!$B34,BOM!O:O) -> 0 | BB34: =SUMIF(BOM!$B:$B,원재료!$B34,BOM!P:P) -> 0
A35: 원재료 | B35: 318728 | C35: 발효추출물 LF01 CJ제일제당 | D35: 20 | E35: 25000 | F35: =+H35+K35+N35 -> 41.4 | G35: =+E35*F35 -> 1035000 | H35: =IFERROR(VLOOKUP(B35,'음성공장 재고장'!A:E,4,FALSE),0) -> 41.4 | I35: =+$E35*H35 -> 1035000 | J35: =IFERROR(VLOOKUP(B35,'음성공장 재고장'!A:E,5,FALSE),0) -> 46131 | K35: =IFERROR(VLOOKUP(B35,'음성공장 재고장'!A:F,6,FALSE),0) -> 0 | L35: =+$E35*K35 -> 0 | M35: =IFERROR(VLOOKUP(B35,'음성공장 재고장'!A:G,7,FALSE),0) -> 없음 | O35: =+$E35*N35 -> 0 | Q35: =IFERROR(R35/E35,0) -> 40.913447 | R35: =IFERROR(IF(OR(V35<U35,S35=0),G35-S35*E35*(ABS(MONTH($S$1)-MONTH(V35))),0),0) -> 1022836.2 | S35: =AVERAGE(AQ35:AU35) -> 0.4865529 | T35: =IFERROR(F35/S35,0) -> 85.088384 | U35: =IF(H35=0,"재고없음",IF(S35=0,"사용없음",$S$1+T35*30)) -> 48355.652 | V35: =IF(F35=0,"재고없음",IF(AND(J35=0,M35=0,P35=0),"없음",MIN(J35,M35,P35))) -> 46131 | W35: 0 | X35: 0 | Y35: =+S35*W35/30 -> 0 | Z35: =IFERROR(IF(AND($S$1+W35-V35>0,(MAX(P35,M35,J35)<V35+W35)),"O",IF(OR(Y35-F35<=0,S35=0),"X","O")),0) -> X | AA35: =IFERROR(IF(U35="사용없음","X",IF(V35-U35>0,"O","X")),0) -> X | AB35: =IF(U35="사용없음",$AD$2,IF(T35=0,"-",IF(T35<=1,$AA$2,IF(AND(T35>1,T35<=4),$AB$2,$AD$2)))) -> C | AC35: =COUNTIF(BOM!B:B,원재료!B35) -> 5 | AD35: =IF(AND(AA35="X",AB35="C",AC35<2),"원료대체검토",IF(AND(AA35="X",AB35="C"),"소진계획필요","판매활성화")) -> 소진계획필요 | AE35: 23.962116 | AF35: 43.002866 | AG35: 4.7402615 | AH35: 0.1601743 | AI35: 0 | AJ35: 5.365529 | AK35: 9.9713195 | AL35: 21.242456 | AM35: 30.815017 | AN35: 12.394974 | AO35: 0 | AP35: 0 | AQ35: =SUMIF(BOM!$B:$B,원재료!$B35,BOM!E:E) -> 0 | AR35: =SUMIF(BOM!$B:$B,원재료!$B35,BOM!F:F) -> 2.4327645 | AS35: =SUMIF(BOM!$B:$B,원재료!$B35,BOM!G:G) -> 0 | AT35: =SUMIF(BOM!$B:$B,원재료!$B35,BOM!H:H) -> 0 | AU35: =SUMIF(BOM!$B:$B,원재료!$B35,BOM!I:I) -> 0 | AV35: =SUMIF(BOM!$B:$B,원재료!$B35,BOM!J:J) -> 0 | AW35: =SUMIF(BOM!$B:$B,원재료!$B35,BOM!K:K) -> 0 | AX35: =SUMIF(BOM!$B:$B,원재료!$B35,BOM!L:L) -> 0 | AY35: =SUMIF(BOM!$B:$B,원재료!$B35,BOM!M:M) -> 0 | AZ35: =SUMIF(BOM!$B:$B,원재료!$B35,BOM!N:N) -> 0 | BA35: =SUMIF(BOM!$B:$B,원재료!$B35,BOM!O:O) -> 0 | BB35: =SUMIF(BOM!$B:$B,원재료!$B35,BOM!P:P) -> 0
A36: 원재료 | B36: 313906 | C36: 쉐이드 베지레드 추출분말 에이원카프 | D36: 10 | E36: 78000 | F36: =+H36+K36+N36 -> 0 | G36: =+E36*F36 -> 0 | H36: =IFERROR(VLOOKUP(B36,'음성공장 재고장'!A:E,4,FALSE),0) -> 0 | I36: =+$E36*H36 -> 0 | J36: =IFERROR(VLOOKUP(B36,'음성공장 재고장'!A:E,5,FALSE),0) -> 없음 | K36: =IFERROR(VLOOKUP(B36,'음성공장 재고장'!A:F,6,FALSE),0) -> 0 | L36: =+$E36*K36 -> 0 | M36: =IFERROR(VLOOKUP(B36,'음성공장 재고장'!A:G,7,FALSE),0) -> 없음 | O36: =+$E36*N36 -> 0 | Q36: =IFERROR(R36/E36,0) -> 0 | R36: =IFERROR(IF(OR(V36<U36,S36=0),G36-S36*E36*(ABS(MONTH($S$1)-MONTH(V36))),0),0) -> 0 | S36: =AVERAGE(AQ36:AU36) -> 0.63122867 | T36: =IFERROR(F36/S36,0) -> 0 | U36: =IF(H36=0,"재고없음",IF(S36=0,"사용없음",$S$1+T36*30)) -> 재고없음 | V36: =IF(F36=0,"재고없음",IF(AND(J36=0,M36=0,P36=0),"없음",MIN(J36,M36,P36))) -> 재고없음 | W36: 60 | X36: 0 | Y36: =+S36*W36/30 -> 1.2624573 | Z36: =IFERROR(IF(AND($S$1+W36-V36>0,(MAX(P36,M36,J36)<V36+W36)),"O",IF(OR(Y36-F36<=0,S36=0),"X","O")),0) -> 0 | AA36: =IFERROR(IF(U36="사용없음","X",IF(V36-U36>0,"O","X")),0) -> 0 | AB36: =IF(U36="사용없음",$AD$2,IF(T36=0,"-",IF(T36<=1,$AA$2,IF(AND(T36>1,T36<=4),$AB$2,$AD$2)))) -> - | AC36: =COUNTIF(BOM!B:B,원재료!B36) -> 3 | AD36: =IF(AND(AA36="X",AB36="C",AC36<2),"원료대체검토",IF(AND(AA36="X",AB36="C"),"소진계획필요","판매활성화")) -> 판매활성화 | AE36: 5.6491468 | AF36: 8.0585324 | AG36: 5.6 | AH36: 18 | AI36: 9 | AJ36: 0.91228669 | AK36: 4.5245734 | AL36: 3.0409556 | AM36: 5.7778157 | AN36: 0.45614334 | AO36: 5.4 | AP36: 3.6 | AQ36: =SUMIF(BOM!$B:$B,원재료!$B36,BOM!E:E) -> 0 | AR36: =SUMIF(BOM!$B:$B,원재료!$B36,BOM!F:F) -> 0.45614334 | AS36: =SUMIF(BOM!$B:$B,원재료!$B36,BOM!G:G) -> 0 | AT36: =SUMIF(BOM!$B:$B,원재료!$B36,BOM!H:H) -> 0 | AU36: =SUMIF(BOM!$B:$B,원재료!$B36,BOM!I:I) -> 2.7 | AV36: =SUMIF(BOM!$B:$B,원재료!$B36,BOM!J:J) -> 0 | AW36: =SUMIF(BOM!$B:$B,원재료!$B36,BOM!K:K) -> 0 | AX36: =SUMIF(BOM!$B:$B,원재료!$B36,BOM!L:L) -> 0 | AY36: =SUMIF(BOM!$B:$B,원재료!$B36,BOM!M:M) -> 0 | AZ36: =SUMIF(BOM!$B:$B,원재료!$B36,BOM!N:N) -> 0 | BA36: =SUMIF(BOM!$B:$B,원재료!$B36,BOM!O:O) -> 0 | BB36: =SUMIF(BOM!$B:$B,원재료!$B36,BOM!P:P) -> 0
A37: 원재료 | B37: 262518 | C37: 메틸셀룰로스 MCE-100TS | D37: 20 | E37: 36700 | F37: =+H37+K37+N37 -> 329.34 | G37: =+E37*F37 -> 12086778 | H37: =IFERROR(VLOOKUP(B37,'음성공장 재고장'!A:E,4,FALSE),0) -> 29.34 | I37: =+$E37*H37 -> 1076778 | J37: =IFERROR(VLOOKUP(B37,'음성공장 재고장'!A:E,5,FALSE),0) -> 45968 | K37: =IFERROR(VLOOKUP(B37,'음성공장 재고장'!A:F,6,FALSE),0) -> 0 | L37: =+$E37*K37 -> 0 | M37: =IFERROR(VLOOKUP(B37,'음성공장 재고장'!A:G,7,FALSE),0) -> 없음 | N37: 300 | O37: =+$E37*N37 -> 11010000 | P37: 46478 | Q37: =IFERROR(R37/E37,0) -> 329.34 | R37: =IFERROR(IF(OR(V37<U37,S37=0),G37-S37*E37*(ABS(MONTH($S$1)-MONTH(V37))),0),0) -> 12086778 | S37: =AVERAGE(AQ37:AU37) -> 0 | T37: =IFERROR(F37/S37,0) -> 0 | U37: =IF(H37=0,"재고없음",IF(S37=0,"사용없음",$S$1+T37*30)) -> 사용없음 | V37: =IF(F37=0,"재고없음",IF(AND(J37=0,M37=0,P37=0),"없음",MIN(J37,M37,P37))) -> 45968 | W37: =5*30 -> 150 | X37: 1000 | Y37: =+S37*W37/30 -> 0 | Z37: =IFERROR(IF(AND($S$1+W37-V37>0,(MAX(P37,M37,J37)<V37+W37)),"O",IF(OR(Y37-F37<=0,S37=0),"X","O")),0) -> X | AA37: =IFERROR(IF(U37="사용없음","X",IF(V37-U37>0,"O","X")),0) -> X | AB37: =IF(U37="사용없음",$AD$2,IF(T37=0,"-",IF(T37<=1,$AA$2,IF(AND(T37>1,T37<=4),$AB$2,$AD$2)))) -> C | AC37: =COUNTIF(BOM!B:B,원재료!B37) -> 3 | AD37: =IF(AND(AA37="X",AB37="C",AC37<2),"원료대체검토",IF(AND(AA37="X",AB37="C"),"소진계획필요","판매활성화")) -> 소진계획필요 | AE37: 18 | AF37: 0 | AG37: 18 | AH37: 0 | AI37: 41.727826 | AJ37: 1.6 | AK37: 0 | AL37: 73 | AM37: 0 | AN37: 25.6 | AO37: 0 | AP37: 0 | AQ37: =SUMIF(BOM!$B:$B,원재료!$B37,BOM!E:E) -> 0 | AR37: =SUMIF(BOM!$B:$B,원재료!$B37,BOM!F:F) -> 0 | AS37: =SUMIF(BOM!$B:$B,원재료!$B37,BOM!G:G) -> 0 | AT37: =SUMIF(BOM!$B:$B,원재료!$B37,BOM!H:H) -> 0 | AU37: =SUMIF(BOM!$B:$B,원재료!$B37,BOM!I:I) -> 0 | AV37: =SUMIF(BOM!$B:$B,원재료!$B37,BOM!J:J) -> 0 | AW37: =SUMIF(BOM!$B:$B,원재료!$B37,BOM!K:K) -> 0 | AX37: =SUMIF(BOM!$B:$B,원재료!$B37,BOM!L:L) -> 0 | AY37: =SUMIF(BOM!$B:$B,원재료!$B37,BOM!M:M) -> 0 | AZ37: =SUMIF(BOM!$B:$B,원재료!$B37,BOM!N:N) -> 0 | BA37: =SUMIF(BOM!$B:$B,원재료!$B37,BOM!O:O) -> 0 | BB37: =SUMIF(BOM!$B:$B,원재료!$B37,BOM!P:P) -> 0
A38: 원재료 | B38: 320550 | C38: 스테이크향 KERRY INGREDIENTS 20KG | D38: 0 | E38: 48750 | F38: =+H38+K38+N38 -> 0 | G38: =+E38*F38 -> 0 | H38: =IFERROR(VLOOKUP(B38,'음성공장 재고장'!A:E,4,FALSE),0) -> 0 | I38: =+$E38*H38 -> 0 | J38: =IFERROR(VLOOKUP(B38,'음성공장 재고장'!A:E,5,FALSE),0) -> 없음 | K38: =IFERROR(VLOOKUP(B38,'음성공장 재고장'!A:F,6,FALSE),0) -> 0 | L38: =+$E38*K38 -> 0 | M38: =IFERROR(VLOOKUP(B38,'음성공장 재고장'!A:G,7,FALSE),0) -> 없음 | O38: =+$E38*N38 -> 0 | Q38: =IFERROR(R38/E38,0) -> 0 | R38: =IFERROR(IF(OR(V38<U38,S38=0),G38-S38*E38*(ABS(MONTH($S$1)-MONTH(V38))),0),0) -> 0 | S38: =AVERAGE(AQ38:AU38) -> 0 | T38: =IFERROR(F38/S38,0) -> 0 | U38: =IF(H38=0,"재고없음",IF(S38=0,"사용없음",$S$1+T38*30)) -> 재고없음 | V38: =IF(F38=0,"재고없음",IF(AND(J38=0,M38=0,P38=0),"없음",MIN(J38,M38,P38))) -> 재고없음 | W38: 60 | X38: 20 | Y38: =+S38*W38/30 -> 0 | Z38: =IFERROR(IF(AND($S$1+W38-V38>0,(MAX(P38,M38,J38)<V38+W38)),"O",IF(OR(Y38-F38<=0,S38=0),"X","O")),0) -> 0 | AA38: =IFERROR(IF(U38="사용없음","X",IF(V38-U38>0,"O","X")),0) -> 0 | AB38: =IF(U38="사용없음",$AD$2,IF(T38=0,"-",IF(T38<=1,$AA$2,IF(AND(T38>1,T38<=4),$AB$2,$AD$2)))) -> - | AC38: =COUNTIF(BOM!B:B,원재료!B38) -> 1 | AD38: =IF(AND(AA38="X",AB38="C",AC38<2),"원료대체검토",IF(AND(AA38="X",AB38="C"),"소진계획필요","판매활성화")) -> 판매활성화 | AE38: 0 | AF38: 0.040098057 | AG38: 0.40098057 | AH38: 0.26732038 | AI38: 0 | AJ38: 0 | AK38: 0.40098057 | AL38: 0.040098057 | AM38: 0 | AN38: 0 | AO38: 0 | AP38: 0 | AQ38: =SUMIF(BOM!$B:$B,원재료!$B38,BOM!E:E) -> 0 | AR38: =SUMIF(BOM!$B:$B,원재료!$B38,BOM!F:F) -> 0 | AS38: =SUMIF(BOM!$B:$B,원재료!$B38,BOM!G:G) -> 0 | AT38: =SUMIF(BOM!$B:$B,원재료!$B38,BOM!H:H) -> 0 | AU38: =SUMIF(BOM!$B:$B,원재료!$B38,BOM!I:I) -> 0 | AV38: =SUMIF(BOM!$B:$B,원재료!$B38,BOM!J:J) -> 0 | AW38: =SUMIF(BOM!$B:$B,원재료!$B38,BOM!K:K) -> 0 | AX38: =SUMIF(BOM!$B:$B,원재료!$B38,BOM!L:L) -> 0 | AY38: =SUMIF(BOM!$B:$B,원재료!$B38,BOM!M:M) -> 0 | AZ38: =SUMIF(BOM!$B:$B,원재료!$B38,BOM!N:N) -> 0 | BA38: =SUMIF(BOM!$B:$B,원재료!$B38,BOM!O:O) -> 0 | BB38: =SUMIF(BOM!$B:$B,원재료!$B38,BOM!P:P) -> 0
A39: 원재료 | B39: 206080 | C39: 물류)버데드에프35 WJ | D39: 20 | E39: 6854 | F39: =+H39+K39+N39 -> 0 | G39: =+E39*F39 -> 0 | H39: =IFERROR(VLOOKUP(B39,'음성공장 재고장'!A:E,4,FALSE),0) -> 0 | I39: =+$E39*H39 -> 0 | J39: =IFERROR(VLOOKUP(B39,'음성공장 재고장'!A:E,5,FALSE),0) -> 없음 | K39: =IFERROR(VLOOKUP(B39,'음성공장 재고장'!A:F,6,FALSE),0) -> 0 | L39: =+$E39*K39 -> 0 | M39: =IFERROR(VLOOKUP(B39,'음성공장 재고장'!A:G,7,FALSE),0) -> 없음 | O39: =+$E39*N39 -> 0 | Q39: =IFERROR(R39/E39,0) -> 0 | R39: =IFERROR(IF(OR(V39<U39,S39=0),G39-S39*E39*(ABS(MONTH($S$1)-MONTH(V39))),0),0) -> 0 | S39: =AVERAGE(AQ39:AU39) -> 0 | T39: =IFERROR(F39/S39,0) -> 0 | U39: =IF(H39=0,"재고없음",IF(S39=0,"사용없음",$S$1+T39*30)) -> 재고없음 | V39: =IF(F39=0,"재고없음",IF(AND(J39=0,M39=0,P39=0),"없음",MIN(J39,M39,P39))) -> 재고없음 | W39: 0 | X39: 0 | Y39: =+S39*W39/30 -> 0 | Z39: =IFERROR(IF(AND($S$1+W39-V39>0,(MAX(P39,M39,J39)<V39+W39)),"O",IF(OR(Y39-F39<=0,S39=0),"X","O")),0) -> 0 | AA39: =IFERROR(IF(U39="사용없음","X",IF(V39-U39>0,"O","X")),0) -> 0 | AB39: =IF(U39="사용없음",$AD$2,IF(T39=0,"-",IF(T39<=1,$AA$2,IF(AND(T39>1,T39<=4),$AB$2,$AD$2)))) -> - | AC39: =COUNTIF(BOM!B:B,원재료!B39) -> 2 | AD39: =IF(AND(AA39="X",AB39="C",AC39<2),"원료대체검토",IF(AND(AA39="X",AB39="C"),"소진계획필요","판매활성화")) -> 판매활성화 | AE39: 0 | AF39: 0 | AG39: 0 | AH39: 0 | AI39: 22.191934 | AJ39: 1 | AK39: 0 | AL39: 41.8 | AM39: 0 | AN39: 16 | AO39: 0 | AP39: 0 | AQ39: =SUMIF(BOM!$B:$B,원재료!$B39,BOM!E:E) -> 0 | AR39: =SUMIF(BOM!$B:$B,원재료!$B39,BOM!F:F) -> 0 | AS39: =SUMIF(BOM!$B:$B,원재료!$B39,BOM!G:G) -> 0 | AT39: =SUMIF(BOM!$B:$B,원재료!$B39,BOM!H:H) -> 0 | AU39: =SUMIF(BOM!$B:$B,원재료!$B39,BOM!I:I) -> 0 | AV39: =SUMIF(BOM!$B:$B,원재료!$B39,BOM!J:J) -> 0 | AW39: =SUMIF(BOM!$B:$B,원재료!$B39,BOM!K:K) -> 0 | AX39: =SUMIF(BOM!$B:$B,원재료!$B39,BOM!L:L) -> 0 | AY39: =SUMIF(BOM!$B:$B,원재료!$B39,BOM!M:M) -> 0 | AZ39: =SUMIF(BOM!$B:$B,원재료!$B39,BOM!N:N) -> 0 | BA39: =SUMIF(BOM!$B:$B,원재료!$B39,BOM!O:O) -> 0 | BB39: =SUMIF(BOM!$B:$B,원재료!$B39,BOM!P:P) -> 0
A40: 원재료 | B40: 261874 | C40: 에스지5배터믹스 SJS-11761 | D40: 1 | E40: 2770 | F40: =+H40+K40+N40 -> 0 | G40: =+E40*F40 -> 0 | H40: =IFERROR(VLOOKUP(B40,'음성공장 재고장'!A:E,4,FALSE),0) -> 0 | I40: =+$E40*H40 -> 0 | J40: =IFERROR(VLOOKUP(B40,'음성공장 재고장'!A:E,5,FALSE),0) -> 없음 | K40: =IFERROR(VLOOKUP(B40,'음성공장 재고장'!A:F,6,FALSE),0) -> 0 | L40: =+$E40*K40 -> 0 | M40: =IFERROR(VLOOKUP(B40,'음성공장 재고장'!A:G,7,FALSE),0) -> 없음 | O40: =+$E40*N40 -> 0 | Q40: =IFERROR(R40/E40,0) -> 0 | R40: =IFERROR(IF(OR(V40<U40,S40=0),G40-S40*E40*(ABS(MONTH($S$1)-MONTH(V40))),0),0) -> 0 | S40: =AVERAGE(AQ40:AU40) -> 0 | T40: =IFERROR(F40/S40,0) -> 0 | U40: =IF(H40=0,"재고없음",IF(S40=0,"사용없음",$S$1+T40*30)) -> 재고없음 | V40: =IF(F40=0,"재고없음",IF(AND(J40=0,M40=0,P40=0),"없음",MIN(J40,M40,P40))) -> 재고없음 | W40: 0 | X40: 0 | Y40: =+S40*W40/30 -> 0 | Z40: =IFERROR(IF(AND($S$1+W40-V40>0,(MAX(P40,M40,J40)<V40+W40)),"O",IF(OR(Y40-F40<=0,S40=0),"X","O")),0) -> 0 | AA40: =IFERROR(IF(U40="사용없음","X",IF(V40-U40>0,"O","X")),0) -> 0 | AB40: =IF(U40="사용없음",$AD$2,IF(T40=0,"-",IF(T40<=1,$AA$2,IF(AND(T40>1,T40<=4),$AB$2,$AD$2)))) -> - | AC40: =COUNTIF(BOM!B:B,원재료!B40) -> 0 | AD40: =IF(AND(AA40="X",AB40="C",AC40<2),"원료대체검토",IF(AND(AA40="X",AB40="C"),"소진계획필요","판매활성화")) -> 판매활성화 | AE40: 0 | AF40: 0 | AG40: 0 | AH40: 0 | AI40: 339.94548 | AJ40: 0 | AK40: 0 | AL40: 0 | AM40: 0 | AN40: 0 | AO40: 0 | AP40: 0 | AQ40: =SUMIF(BOM!$B:$B,원재료!$B40,BOM!E:E) -> 0 | AR40: =SUMIF(BOM!$B:$B,원재료!$B40,BOM!F:F) -> 0 | AS40: =SUMIF(BOM!$B:$B,원재료!$B40,BOM!G:G) -> 0 | AT40: =SUMIF(BOM!$B:$B,원재료!$B40,BOM!H:H) -> 0 | AU40: =SUMIF(BOM!$B:$B,원재료!$B40,BOM!I:I) -> 0 | AV40: =SUMIF(BOM!$B:$B,원재료!$B40,BOM!J:J) -> 0 | AW40: =SUMIF(BOM!$B:$B,원재료!$B40,BOM!K:K) -> 0 | AX40: =SUMIF(BOM!$B:$B,원재료!$B40,BOM!L:L) -> 0 | AY40: =SUMIF(BOM!$B:$B,원재료!$B40,BOM!M:M) -> 0 | AZ40: =SUMIF(BOM!$B:$B,원재료!$B40,BOM!N:N) -> 0 | BA40: =SUMIF(BOM!$B:$B,원재료!$B40,BOM!O:O) -> 0 | BB40: =SUMIF(BOM!$B:$B,원재료!$B40,BOM!P:P) -> 0
A41: 원재료 | B41: 327149 | C41: 베러 CB-프로틴(뜨란) | D41: 0 | E41: 7000 | F41: =+H41+K41+N41 -> 0 | G41: =+E41*F41 -> 0 | H41: =IFERROR(VLOOKUP(B41,'음성공장 재고장'!A:E,4,FALSE),0) -> 0 | I41: =+$E41*H41 -> 0 | J41: =IFERROR(VLOOKUP(B41,'음성공장 재고장'!A:E,5,FALSE),0) -> 없음 | K41: =IFERROR(VLOOKUP(B41,'음성공장 재고장'!A:F,6,FALSE),0) -> 0 | L41: =+$E41*K41 -> 0 | M41: =IFERROR(VLOOKUP(B41,'음성공장 재고장'!A:G,7,FALSE),0) -> 없음 | O41: =+$E41*N41 -> 0 | Q41: =IFERROR(R41/E41,0) -> 0 | R41: =IFERROR(IF(OR(V41<U41,S41=0),G41-S41*E41*(ABS(MONTH($S$1)-MONTH(V41))),0),0) -> 0 | S41: =AVERAGE(AQ41:AU41) -> 0 | T41: =IFERROR(F41/S41,0) -> 0 | U41: =IF(H41=0,"재고없음",IF(S41=0,"사용없음",$S$1+T41*30)) -> 재고없음 | V41: =IF(F41=0,"재고없음",IF(AND(J41=0,M41=0,P41=0),"없음",MIN(J41,M41,P41))) -> 재고없음 | W41: 14 | X41: 300 | Y41: =+S41*W41/30 -> 0 | Z41: =IFERROR(IF(AND($S$1+W41-V41>0,(MAX(P41,M41,J41)<V41+W41)),"O",IF(OR(Y41-F41<=0,S41=0),"X","O")),0) -> 0 | AA41: =IFERROR(IF(U41="사용없음","X",IF(V41-U41>0,"O","X")),0) -> 0 | AB41: =IF(U41="사용없음",$AD$2,IF(T41=0,"-",IF(T41<=1,$AA$2,IF(AND(T41>1,T41<=4),$AB$2,$AD$2)))) -> - | AC41: =COUNTIF(BOM!B:B,원재료!B41) -> 1 | AD41: =IF(AND(AA41="X",AB41="C",AC41<2),"원료대체검토",IF(AND(AA41="X",AB41="C"),"소진계획필요","판매활성화")) -> 판매활성화 | AE41: 0 | AF41: 0 | AG41: 0 | AH41: 0 | AI41: 0 | AJ41: 0 | AK41: 0 | AL41: 0 | AM41: 0 | AN41: 218.02326 | AO41: 0 | AP41: 0 | AQ41: =SUMIF(BOM!$B:$B,원재료!$B41,BOM!E:E) -> 0 | AR41: =SUMIF(BOM!$B:$B,원재료!$B41,BOM!F:F) -> 0 | AS41: =SUMIF(BOM!$B:$B,원재료!$B41,BOM!G:G) -> 0 | AT41: =SUMIF(BOM!$B:$B,원재료!$B41,BOM!H:H) -> 0 | AU41: =SUMIF(BOM!$B:$B,원재료!$B41,BOM!I:I) -> 0 | AV41: =SUMIF(BOM!$B:$B,원재료!$B41,BOM!J:J) -> 0 | AW41: =SUMIF(BOM!$B:$B,원재료!$B41,BOM!K:K) -> 0 | AX41: =SUMIF(BOM!$B:$B,원재료!$B41,BOM!L:L) -> 0 | AY41: =SUMIF(BOM!$B:$B,원재료!$B41,BOM!M:M) -> 0 | AZ41: =SUMIF(BOM!$B:$B,원재료!$B41,BOM!N:N) -> 0 | BA41: =SUMIF(BOM!$B:$B,원재료!$B41,BOM!O:O) -> 0 | BB41: =SUMIF(BOM!$B:$B,원재료!$B41,BOM!P:P) -> 0
A42: 원재료 | B42: 334592 | C42: 허브믹스(태원) | D42: 0 | E42: 18000 | F42: =+H42+K42+N42 -> 0 | G42: =+E42*F42 -> 0 | H42: =IFERROR(VLOOKUP(B42,'음성공장 재고장'!A:E,4,FALSE),0) -> 0 | I42: =+$E42*H42 -> 0 | J42: =IFERROR(VLOOKUP(B42,'음성공장 재고장'!A:E,5,FALSE),0) -> 없음 | K42: =IFERROR(VLOOKUP(B42,'음성공장 재고장'!A:F,6,FALSE),0) -> 0 | L42: =+$E42*K42 -> 0 | M42: =IFERROR(VLOOKUP(B42,'음성공장 재고장'!A:G,7,FALSE),0) -> 없음 | O42: =+$E42*N42 -> 0 | Q42: =IFERROR(R42/E42,0) -> 0 | R42: =IFERROR(IF(OR(V42<U42,S42=0),G42-S42*E42*(ABS(MONTH($S$1)-MONTH(V42))),0),0) -> 0 | S42: =AVERAGE(AQ42:AU42) -> 0 | T42: =IFERROR(F42/S42,0) -> 0 | U42: =IF(H42=0,"재고없음",IF(S42=0,"사용없음",$S$1+T42*30)) -> 재고없음 | V42: =IF(F42=0,"재고없음",IF(AND(J42=0,M42=0,P42=0),"없음",MIN(J42,M42,P42))) -> 재고없음 | W42: 2 | X42: 0 | Y42: =+S42*W42/30 -> 0 | Z42: =IFERROR(IF(AND($S$1+W42-V42>0,(MAX(P42,M42,J42)<V42+W42)),"O",IF(OR(Y42-F42<=0,S42=0),"X","O")),0) -> 0 | AA42: =IFERROR(IF(U42="사용없음","X",IF(V42-U42>0,"O","X")),0) -> 0 | AB42: =IF(U42="사용없음",$AD$2,IF(T42=0,"-",IF(T42<=1,$AA$2,IF(AND(T42>1,T42<=4),$AB$2,$AD$2)))) -> - | AC42: =COUNTIF(BOM!B:B,원재료!B42) -> 1 | AD42: =IF(AND(AA42="X",AB42="C",AC42<2),"원료대체검토",IF(AND(AA42="X",AB42="C"),"소진계획필요","판매활성화")) -> 판매활성화 | AE42: 0 | AF42: 0 | AG42: 0 | AH42: 0 | AI42: 0 | AJ42: 0 | AK42: 0 | AL42: 0 | AM42: 0 | AN42: 2.1802326 | AO42: 0 | AP42: 0 | AQ42: =SUMIF(BOM!$B:$B,원재료!$B42,BOM!E:E) -> 0 | AR42: =SUMIF(BOM!$B:$B,원재료!$B42,BOM!F:F) -> 0 | AS42: =SUMIF(BOM!$B:$B,원재료!$B42,BOM!G:G) -> 0 | AT42: =SUMIF(BOM!$B:$B,원재료!$B42,BOM!H:H) -> 0 | AU42: =SUMIF(BOM!$B:$B,원재료!$B42,BOM!I:I) -> 0 | AV42: =SUMIF(BOM!$B:$B,원재료!$B42,BOM!J:J) -> 0 | AW42: =SUMIF(BOM!$B:$B,원재료!$B42,BOM!K:K) -> 0 | AX42: =SUMIF(BOM!$B:$B,원재료!$B42,BOM!L:L) -> 0 | AY42: =SUMIF(BOM!$B:$B,원재료!$B42,BOM!M:M) -> 0 | AZ42: =SUMIF(BOM!$B:$B,원재료!$B42,BOM!N:N) -> 0 | BA42: =SUMIF(BOM!$B:$B,원재료!$B42,BOM!O:O) -> 0 | BB42: =SUMIF(BOM!$B:$B,원재료!$B42,BOM!P:P) -> 0
A43: 원재료 | B43: 311181 | C43: 허바셀 메이큐플러스 씨에프-엔 한국카라겐/20KG | D43: 20 | E43: 17800 | F43: =+H43+K43+N43 -> 81.56 | G43: =+E43*F43 -> 1451768 | H43: =IFERROR(VLOOKUP(B43,'음성공장 재고장'!A:E,4,FALSE),0) -> 66.46 | I43: =+$E43*H43 -> 1182988 | J43: =IFERROR(VLOOKUP(B43,'음성공장 재고장'!A:E,5,FALSE),0) -> 45798 | K43: =IFERROR(VLOOKUP(B43,'음성공장 재고장'!A:F,6,FALSE),0) -> 15.1 | L43: =+$E43*K43 -> 268780 | M43: =IFERROR(VLOOKUP(B43,'음성공장 재고장'!A:G,7,FALSE),0) -> 45868 | O43: =+$E43*N43 -> 0 | Q43: =IFERROR(R43/E43,0) -> 81.56 | R43: =IFERROR(IF(OR(V43<U43,S43=0),G43-S43*E43*(ABS(MONTH($S$1)-MONTH(V43))),0),0) -> 1451768 | S43: =AVERAGE(AQ43:AU43) -> 4.3339249 | T43: =IFERROR(F43/S43,0) -> 18.818969 | U43: =IF(H43=0,"재고없음",IF(S43=0,"사용없음",$S$1+T43*30)) -> 46367.569 | V43: =IF(F43=0,"재고없음",IF(AND(J43=0,M43=0,P43=0),"없음",MIN(J43,M43,P43))) -> 45798 | W43: =4*30 -> 120 | X43: 20 | Y43: =+S43*W43/30 -> 17.3357 | Z43: =IFERROR(IF(AND($S$1+W43-V43>0,(MAX(P43,M43,J43)<V43+W43)),"O",IF(OR(Y43-F43<=0,S43=0),"X","O")),0) -> O | AA43: =IFERROR(IF(U43="사용없음","X",IF(V43-U43>0,"O","X")),0) -> X | AB43: =IF(U43="사용없음",$AD$2,IF(T43=0,"-",IF(T43<=1,$AA$2,IF(AND(T43>1,T43<=4),$AB$2,$AD$2)))) -> C | AC43: =COUNTIF(BOM!B:B,원재료!B43) -> 7 | AD43: =IF(AND(AA43="X",AB43="C",AC43<2),"원료대체검토",IF(AND(AA43="X",AB43="C"),"소진계획필요","판매활성화")) -> 소진계획필요 | AE43: 89.648197 | AF43: 164.21707 | AG43: 43.1616 | AH43: 119.2736 | AI43: 58.15 | AJ43: 11.739249 | AK43: 82.048898 | AL43: 49.351204 | AM43: 65.481911 | AN43: 27.569625 | AO43: 33 | AP43: 22 | AQ43: =SUMIF(BOM!$B:$B,원재료!$B43,BOM!E:E) -> 0 | AR43: =SUMIF(BOM!$B:$B,원재료!$B43,BOM!F:F) -> 5.1696246 | AS43: =SUMIF(BOM!$B:$B,원재료!$B43,BOM!G:G) -> 0 | AT43: =SUMIF(BOM!$B:$B,원재료!$B43,BOM!H:H) -> 0 | AU43: =SUMIF(BOM!$B:$B,원재료!$B43,BOM!I:I) -> 16.5 | AV43: =SUMIF(BOM!$B:$B,원재료!$B43,BOM!J:J) -> 0 | AW43: =SUMIF(BOM!$B:$B,원재료!$B43,BOM!K:K) -> 0 | AX43: =SUMIF(BOM!$B:$B,원재료!$B43,BOM!L:L) -> 0 | AY43: =SUMIF(BOM!$B:$B,원재료!$B43,BOM!M:M) -> 0 | AZ43: =SUMIF(BOM!$B:$B,원재료!$B43,BOM!N:N) -> 0 | BA43: =SUMIF(BOM!$B:$B,원재료!$B43,BOM!O:O) -> 0 | BB43: =SUMIF(BOM!$B:$B,원재료!$B43,BOM!P:P) -> 0
A44: 원재료 | B44: 94955 | C44: 물류)코코아블랙파우더 500-DP-11 미립물산 25KG | D44: 25 | E44: =332450/25 -> 13298 | F44: =+H44+K44+N44 -> 0 | G44: =+E44*F44 -> 0 | H44: =IFERROR(VLOOKUP(B44,'음성공장 재고장'!A:E,4,FALSE),0) -> 0 | I44: =+$E44*H44 -> 0 | J44: =IFERROR(VLOOKUP(B44,'음성공장 재고장'!A:E,5,FALSE),0) -> 없음 | K44: =IFERROR(VLOOKUP(B44,'음성공장 재고장'!A:F,6,FALSE),0) -> 0 | L44: =+$E44*K44 -> 0 | M44: =IFERROR(VLOOKUP(B44,'음성공장 재고장'!A:G,7,FALSE),0) -> 없음 | O44: =+$E44*N44 -> 0 | Q44: =IFERROR(R44/E44,0) -> 0 | R44: =IFERROR(IF(OR(V44<U44,S44=0),G44-S44*E44*(ABS(MONTH($S$1)-MONTH(V44))),0),0) -> 0 | S44: =AVERAGE(AQ44:AU44) -> 0 | T44: =IFERROR(F44/S44,0) -> 0 | U44: =IF(H44=0,"재고없음",IF(S44=0,"사용없음",$S$1+T44*30)) -> 재고없음 | V44: =IF(F44=0,"재고없음",IF(AND(J44=0,M44=0,P44=0),"없음",MIN(J44,M44,P44))) -> 재고없음 | W44: 0 | X44: 0 | Y44: =+S44*W44/30 -> 0 | Z44: =IFERROR(IF(AND($S$1+W44-V44>0,(MAX(P44,M44,J44)<V44+W44)),"O",IF(OR(Y44-F44<=0,S44=0),"X","O")),0) -> 0 | AA44: =IFERROR(IF(U44="사용없음","X",IF(V44-U44>0,"O","X")),0) -> 0 | AB44: =IF(U44="사용없음",$AD$2,IF(T44=0,"-",IF(T44<=1,$AA$2,IF(AND(T44>1,T44<=4),$AB$2,$AD$2)))) -> - | AC44: =COUNTIF(BOM!B:B,원재료!B44) -> 1 | AD44: =IF(AND(AA44="X",AB44="C",AC44<2),"원료대체검토",IF(AND(AA44="X",AB44="C"),"소진계획필요","판매활성화")) -> 판매활성화 | AE44: 0.944 | AF44: 0 | AG44: 0.944 | AH44: 3.2 | AI44: 3 | AJ44: 0 | AK44: 0 | AL44: 0 | AM44: 0 | AN44: 0 | AO44: 0 | AP44: 0 | AQ44: =SUMIF(BOM!$B:$B,원재료!$B44,BOM!E:E) -> 0 | AR44: =SUMIF(BOM!$B:$B,원재료!$B44,BOM!F:F) -> 0 | AS44: =SUMIF(BOM!$B:$B,원재료!$B44,BOM!G:G) -> 0 | AT44: =SUMIF(BOM!$B:$B,원재료!$B44,BOM!H:H) -> 0 | AU44: =SUMIF(BOM!$B:$B,원재료!$B44,BOM!I:I) -> 0 | AV44: =SUMIF(BOM!$B:$B,원재료!$B44,BOM!J:J) -> 0 | AW44: =SUMIF(BOM!$B:$B,원재료!$B44,BOM!K:K) -> 0 | AX44: =SUMIF(BOM!$B:$B,원재료!$B44,BOM!L:L) -> 0 | AY44: =SUMIF(BOM!$B:$B,원재료!$B44,BOM!M:M) -> 0 | AZ44: =SUMIF(BOM!$B:$B,원재료!$B44,BOM!N:N) -> 0 | BA44: =SUMIF(BOM!$B:$B,원재료!$B44,BOM!O:O) -> 0 | BB44: =SUMIF(BOM!$B:$B,원재료!$B44,BOM!P:P) -> 0
A45: 원재료 | B45: 98579 | C45: 카카오바리 코코아파우더 제원 1KG, 카카오바리 | D45: 1 | E45: 24000 | F45: =+H45+K45+N45 -> 11.42 | G45: =+E45*F45 -> 274080 | H45: =IFERROR(VLOOKUP(B45,'음성공장 재고장'!A:E,4,FALSE),0) -> 11.42 | I45: =+$E45*H45 -> 274080 | J45: =IFERROR(VLOOKUP(B45,'음성공장 재고장'!A:E,5,FALSE),0) -> 46113 | K45: =IFERROR(VLOOKUP(B45,'음성공장 재고장'!A:F,6,FALSE),0) -> 0 | L45: =+$E45*K45 -> 0 | M45: =IFERROR(VLOOKUP(B45,'음성공장 재고장'!A:G,7,FALSE),0) -> 없음 | Q45: =IFERROR(R45/E45,0) -> 0 | R45: =IFERROR(IF(OR(V45<U45,S45=0),G45-S45*E45*(ABS(MONTH($S$1)-MONTH(V45))),0),0) -> 0 | S45: =AVERAGE(AQ45:AU45) -> 5.2151948 | T45: =IFERROR(F45/S45,0) -> 2.1897552 | U45: =IF(H45=0,"재고없음",IF(S45=0,"사용없음",$S$1+T45*30)) -> 45868.693 | V45: =IF(F45=0,"재고없음",IF(AND(J45=0,M45=0,P45=0),"없음",MIN(J45,M45,P45))) -> 46113 | W45: 0 | X45: 0 | Y45: =+S45*W45/30 -> 0 | Z45: =IFERROR(IF(AND($S$1+W45-V45>0,(MAX(P45,M45,J45)<V45+W45)),"O",IF(OR(Y45-F45<=0,S45=0),"X","O")),0) -> X | AA45: =IFERROR(IF(U45="사용없음","X",IF(V45-U45>0,"O","X")),0) -> O | AB45: =IF(U45="사용없음",$AD$2,IF(T45=0,"-",IF(T45<=1,$AA$2,IF(AND(T45>1,T45<=4),$AB$2,$AD$2)))) -> B | AC45: =COUNTIF(BOM!B:B,원재료!B45) -> 7 | AD45: =IF(AND(AA45="X",AB45="C",AC45<2),"원료대체검토",IF(AND(AA45="X",AB45="C"),"소진계획필요","판매활성화")) -> 판매활성화 | AE45: 22 | AF45: 12 | AG45: 0 | AH45: 52 | AI45: 36.816 | AJ45: 57.756 | AK45: 22 | AL45: 11 | AM45: 8 | AN45: 26.602326 | AO45: 8 | AP45: 16 | AQ45: =SUMIF(BOM!$B:$B,원재료!$B45,BOM!E:E) -> 4.075974 | AR45: =SUMIF(BOM!$B:$B,원재료!$B45,BOM!F:F) -> 8 | AS45: =SUMIF(BOM!$B:$B,원재료!$B45,BOM!G:G) -> 8 | AT45: =SUMIF(BOM!$B:$B,원재료!$B45,BOM!H:H) -> 6 | AU45: =SUMIF(BOM!$B:$B,원재료!$B45,BOM!I:I) -> 0 | AV45: =SUMIF(BOM!$B:$B,원재료!$B45,BOM!J:J) -> 0 | AW45: =SUMIF(BOM!$B:$B,원재료!$B45,BOM!K:K) -> 0 | AX45: =SUMIF(BOM!$B:$B,원재료!$B45,BOM!L:L) -> 0 | AY45: =SUMIF(BOM!$B:$B,원재료!$B45,BOM!M:M) -> 0 | AZ45: =SUMIF(BOM!$B:$B,원재료!$B45,BOM!N:N) -> 0 | BA45: =SUMIF(BOM!$B:$B,원재료!$B45,BOM!O:O) -> 0 | BB45: =SUMIF(BOM!$B:$B,원재료!$B45,BOM!P:P) -> 0
A46: 원재료 | B46: 191969 | C46: 양파분말80 리치밀 10KG | D46: 10 | E46: 9700 | F46: =+H46+K46+N46 -> 17.96 | G46: =+E46*F46 -> 174212 | H46: =IFERROR(VLOOKUP(B46,'음성공장 재고장'!A:E,4,FALSE),0) -> 17.96 | I46: =+$E46*H46 -> 174212 | J46: =IFERROR(VLOOKUP(B46,'음성공장 재고장'!A:E,5,FALSE),0) -> 46024 | K46: =IFERROR(VLOOKUP(B46,'음성공장 재고장'!A:F,6,FALSE),0) -> 0 | L46: =+$E46*K46 -> 0 | M46: =IFERROR(VLOOKUP(B46,'음성공장 재고장'!A:G,7,FALSE),0) -> 없음 | Q46: =IFERROR(R46/E46,0) -> 0 | R46: =IFERROR(IF(OR(V46<U46,S46=0),G46-S46*E46*(ABS(MONTH($S$1)-MONTH(V46))),0),0) -> 0 | S46: =AVERAGE(AQ46:AU46) -> 4.2575974 | T46: =IFERROR(F46/S46,0) -> 4.2183415 | U46: =IF(H46=0,"재고없음",IF(S46=0,"사용없음",$S$1+T46*30)) -> 45929.55 | V46: =IF(F46=0,"재고없음",IF(AND(J46=0,M46=0,P46=0),"없음",MIN(J46,M46,P46))) -> 46024 | W46: 0 | X46: 0 | Y46: =+S46*W46/30 -> 0 | Z46: =IFERROR(IF(AND($S$1+W46-V46>0,(MAX(P46,M46,J46)<V46+W46)),"O",IF(OR(Y46-F46<=0,S46=0),"X","O")),0) -> X | AA46: =IFERROR(IF(U46="사용없음","X",IF(V46-U46>0,"O","X")),0) -> O | AB46: =IF(U46="사용없음",$AD$2,IF(T46=0,"-",IF(T46<=1,$AA$2,IF(AND(T46>1,T46<=4),$AB$2,$AD$2)))) -> C | AC46: =COUNTIF(BOM!B:B,원재료!B46) -> 6 | AD46: =IF(AND(AA46="X",AB46="C",AC46<2),"원료대체검토",IF(AND(AA46="X",AB46="C"),"소진계획필요","판매활성화")) -> 판매활성화 | AE46: 17 | AF46: 8.25 | AG46: 0 | AH46: 39.5 | AI46: 28.908 | AJ46: 35.478 | AK46: 13.25 | AL46: 4 | AM46: 7 | AN46: 54.505814 | AO46: 7 | AP46: 11 | AQ46: =SUMIF(BOM!$B:$B,원재료!$B46,BOM!E:E) -> 2.037987 | AR46: =SUMIF(BOM!$B:$B,원재료!$B46,BOM!F:F) -> 7 | AS46: =SUMIF(BOM!$B:$B,원재료!$B46,BOM!G:G) -> 7 | AT46: =SUMIF(BOM!$B:$B,원재료!$B46,BOM!H:H) -> 5.25 | AU46: =SUMIF(BOM!$B:$B,원재료!$B46,BOM!I:I) -> 0 | AV46: =SUMIF(BOM!$B:$B,원재료!$B46,BOM!J:J) -> 0 | AW46: =SUMIF(BOM!$B:$B,원재료!$B46,BOM!K:K) -> 0 | AX46: =SUMIF(BOM!$B:$B,원재료!$B46,BOM!L:L) -> 0 | AY46: =SUMIF(BOM!$B:$B,원재료!$B46,BOM!M:M) -> 0 | AZ46: =SUMIF(BOM!$B:$B,원재료!$B46,BOM!N:N) -> 0 | BA46: =SUMIF(BOM!$B:$B,원재료!$B46,BOM!O:O) -> 0 | BB46: =SUMIF(BOM!$B:$B,원재료!$B46,BOM!P:P) -> 0
A47: 원재료 | B47: 323323 | C47: BF 식물성 불고기 M-베이스 5KG | D47: 5 | E47: 4741.6 | F47: =+H47+K47+N47 -> 0 | G47: =+I47+L47 -> 0 | H47: =IFERROR(VLOOKUP(B47,'음성공장 재고장'!A:E,4,FALSE),0) -> 0 | I47: =+$E47*H47 -> 0 | J47: =IFERROR(VLOOKUP(B47,'음성공장 재고장'!A:E,5,FALSE),0) -> 없음 | K47: =IFERROR(VLOOKUP(B47,'음성공장 재고장'!A:F,6,FALSE),0) -> 0 | L47: =+$E47*K47 -> 0 | M47: =IFERROR(VLOOKUP(B47,'음성공장 재고장'!A:G,7,FALSE),0) -> 없음 | Q47: =IFERROR(R47/E47,0) -> 0 | R47: =IFERROR(IF(OR(V47<U47,S47=0),G47-S47*E47*(ABS(MONTH($S$1)-MONTH(V47))),0),0) -> 0 | S47: =AVERAGE(AQ47:AU47) -> 0 | T47: =IFERROR(F47/S47,0) -> 0 | U47: =IF(H47=0,"재고없음",IF(S47=0,"사용없음",$S$1+T47*30)) -> 재고없음 | V47: =IF(F47=0,"재고없음",IF(AND(J47=0,M47=0,P47=0),"없음",MIN(J47,M47,P47))) -> 재고없음 | W47: 0 | X47: 0 | Y47: =+S47*W47/30 -> 0 | Z47: =IFERROR(IF(AND($S$1+W47-V47>0,(MAX(P47,M47,J47)<V47+W47)),"O",IF(OR(Y47-F47<=0,S47=0),"X","O")),0) -> 0 | AA47: =IFERROR(IF(U47="사용없음","X",IF(V47-U47>0,"O","X")),0) -> 0 | AB47: =IF(U47="사용없음",$AD$2,IF(T47=0,"-",IF(T47<=1,$AA$2,IF(AND(T47>1,T47<=4),$AB$2,$AD$2)))) -> - | AC47: =COUNTIF(BOM!B:B,원재료!B47) -> 0 | AD47: =IF(AND(AA47="X",AB47="C",AC47<2),"원료대체검토",IF(AND(AA47="X",AB47="C"),"소진계획필요","판매활성화")) -> 판매활성화 | AE47: 0 | AF47: 0 | AG47: 0 | AH47: 0 | AI47: 0 | AJ47: 0 | AK47: 0 | AL47: 0 | AM47: 0 | AN47: 0 | AO47: 0 | AP47: 0 | AQ47: =SUMIF(BOM!$B:$B,원재료!$B47,BOM!E:E) -> 0 | AR47: =SUMIF(BOM!$B:$B,원재료!$B47,BOM!F:F) -> 0 | AS47: =SUMIF(BOM!$B:$B,원재료!$B47,BOM!G:G) -> 0 | AT47: =SUMIF(BOM!$B:$B,원재료!$B47,BOM!H:H) -> 0 | AU47: =SUMIF(BOM!$B:$B,원재료!$B47,BOM!I:I) -> 0 | AV47: =SUMIF(BOM!$B:$B,원재료!$B47,BOM!J:J) -> 0 | AW47: =SUMIF(BOM!$B:$B,원재료!$B47,BOM!K:K) -> 0 | AX47: =SUMIF(BOM!$B:$B,원재료!$B47,BOM!L:L) -> 0 | AY47: =SUMIF(BOM!$B:$B,원재료!$B47,BOM!M:M) -> 0 | AZ47: =SUMIF(BOM!$B:$B,원재료!$B47,BOM!N:N) -> 0 | BA47: =SUMIF(BOM!$B:$B,원재료!$B47,BOM!O:O) -> 0 | BB47: =SUMIF(BOM!$B:$B,원재료!$B47,BOM!P:P) -> 0
A48: 원재료 | B48: 326809 | C48: 막사보 와이이 DSM 20KG | D48: 20 | E48: =1059000/20 -> 52950 | F48: =+H48+K48+N48 -> 0 | G48: =+E48*F48 -> 0 | H48: =IFERROR(VLOOKUP(B48,'음성공장 재고장'!A:E,4,FALSE),0) -> 0 | I48: =+$E48*H48 -> 0 | J48: =IFERROR(VLOOKUP(B48,'음성공장 재고장'!A:E,5,FALSE),0) -> 없음 | K48: =IFERROR(VLOOKUP(B48,'음성공장 재고장'!A:F,6,FALSE),0) -> 0 | L48: =+$E48*K48 -> 0 | M48: =IFERROR(VLOOKUP(B48,'음성공장 재고장'!A:G,7,FALSE),0) -> 없음 | Q48: =IFERROR(R48/E48,0) -> 0 | R48: =IFERROR(IF(OR(V48<U48,S48=0),G48-S48*E48*(ABS(MONTH($S$1)-MONTH(V48))),0),0) -> 0 | S48: =AVERAGE(AQ48:AU48) -> 0 | T48: =IFERROR(F48/S48,0) -> 0 | U48: =IF(H48=0,"재고없음",IF(S48=0,"사용없음",$S$1+T48*30)) -> 재고없음 | V48: =IF(F48=0,"재고없음",IF(AND(J48=0,M48=0,P48=0),"없음",MIN(J48,M48,P48))) -> 재고없음 | W48: 0 | X48: 0 | Y48: =+S48*W48/30 -> 0 | Z48: =IFERROR(IF(AND($S$1+W48-V48>0,(MAX(P48,M48,J48)<V48+W48)),"O",IF(OR(Y48-F48<=0,S48=0),"X","O")),0) -> 0 | AA48: =IFERROR(IF(U48="사용없음","X",IF(V48-U48>0,"O","X")),0) -> 0 | AB48: =IF(U48="사용없음",$AD$2,IF(T48=0,"-",IF(T48<=1,$AA$2,IF(AND(T48>1,T48<=4),$AB$2,$AD$2)))) -> - | AC48: =COUNTIF(BOM!B:B,원재료!B48) -> 1 | AD48: =IF(AND(AA48="X",AB48="C",AC48<2),"원료대체검토",IF(AND(AA48="X",AB48="C"),"소진계획필요","판매활성화")) -> 판매활성화 | AE48: 0 | AF48: 0 | AG48: 0 | AH48: 0 | AI48: 0 | AJ48: 0.8 | AK48: 0 | AL48: 8 | AM48: 0 | AN48: 12.8 | AO48: 0 | AP48: 0 | AQ48: =SUMIF(BOM!$B:$B,원재료!$B48,BOM!E:E) -> 0 | AR48: =SUMIF(BOM!$B:$B,원재료!$B48,BOM!F:F) -> 0 | AS48: =SUMIF(BOM!$B:$B,원재료!$B48,BOM!G:G) -> 0 | AT48: =SUMIF(BOM!$B:$B,원재료!$B48,BOM!H:H) -> 0 | AU48: =SUMIF(BOM!$B:$B,원재료!$B48,BOM!I:I) -> 0 | AV48: =SUMIF(BOM!$B:$B,원재료!$B48,BOM!J:J) -> 0 | AW48: =SUMIF(BOM!$B:$B,원재료!$B48,BOM!K:K) -> 0 | AX48: =SUMIF(BOM!$B:$B,원재료!$B48,BOM!L:L) -> 0 | AY48: =SUMIF(BOM!$B:$B,원재료!$B48,BOM!M:M) -> 0 | AZ48: =SUMIF(BOM!$B:$B,원재료!$B48,BOM!N:N) -> 0 | BA48: =SUMIF(BOM!$B:$B,원재료!$B48,BOM!O:O) -> 0 | BB48: =SUMIF(BOM!$B:$B,원재료!$B48,BOM!P:P) -> 0
A49: 원재료 | B49: 326810 | C49: 발효추출물 테이스트엔리치 CJ제일제당 10KG | D49: 10 | E49: =390000/10 -> 39000 | F49: =+H49+K49+N49 -> 0 | G49: =+E49*F49 -> 0 | H49: =IFERROR(VLOOKUP(B49,'음성공장 재고장'!A:E,4,FALSE),0) -> 0 | I49: =+$E49*H49 -> 0 | J49: =IFERROR(VLOOKUP(B49,'음성공장 재고장'!A:E,5,FALSE),0) -> 없음 | K49: =IFERROR(VLOOKUP(B49,'음성공장 재고장'!A:F,6,FALSE),0) -> 0 | L49: =+$E49*K49 -> 0 | M49: =IFERROR(VLOOKUP(B49,'음성공장 재고장'!A:G,7,FALSE),0) -> 없음 | Q49: =IFERROR(R49/E49,0) -> 0 | R49: =IFERROR(IF(OR(V49<U49,S49=0),G49-S49*E49*(ABS(MONTH($S$1)-MONTH(V49))),0),0) -> 0 | S49: =AVERAGE(AQ49:AU49) -> 0 | T49: =IFERROR(F49/S49,0) -> 0 | U49: =IF(H49=0,"재고없음",IF(S49=0,"사용없음",$S$1+T49*30)) -> 재고없음 | V49: =IF(F49=0,"재고없음",IF(AND(J49=0,M49=0,P49=0),"없음",MIN(J49,M49,P49))) -> 재고없음 | W49: 0 | X49: 0 | Y49: =+S49*W49/30 -> 0 | Z49: =IFERROR(IF(AND($S$1+W49-V49>0,(MAX(P49,M49,J49)<V49+W49)),"O",IF(OR(Y49-F49<=0,S49=0),"X","O")),0) -> 0 | AA49: =IFERROR(IF(U49="사용없음","X",IF(V49-U49>0,"O","X")),0) -> 0 | AB49: =IF(U49="사용없음",$AD$2,IF(T49=0,"-",IF(T49<=1,$AA$2,IF(AND(T49>1,T49<=4),$AB$2,$AD$2)))) -> - | AC49: =COUNTIF(BOM!B:B,원재료!B49) -> 1 | AD49: =IF(AND(AA49="X",AB49="C",AC49<2),"원료대체검토",IF(AND(AA49="X",AB49="C"),"소진계획필요","판매활성화")) -> 판매활성화 | AE49: 0 | AF49: 0 | AG49: 0 | AH49: 0 | AI49: 0 | AJ49: 0.3 | AK49: 0 | AL49: 3 | AM49: 0 | AN49: 4.8 | AO49: 0 | AP49: 0 | AQ49: =SUMIF(BOM!$B:$B,원재료!$B49,BOM!E:E) -> 0 | AR49: =SUMIF(BOM!$B:$B,원재료!$B49,BOM!F:F) -> 0 | AS49: =SUMIF(BOM!$B:$B,원재료!$B49,BOM!G:G) -> 0 | AT49: =SUMIF(BOM!$B:$B,원재료!$B49,BOM!H:H) -> 0 | AU49: =SUMIF(BOM!$B:$B,원재료!$B49,BOM!I:I) -> 0 | AV49: =SUMIF(BOM!$B:$B,원재료!$B49,BOM!J:J) -> 0 | AW49: =SUMIF(BOM!$B:$B,원재료!$B49,BOM!K:K) -> 0 | AX49: =SUMIF(BOM!$B:$B,원재료!$B49,BOM!L:L) -> 0 | AY49: =SUMIF(BOM!$B:$B,원재료!$B49,BOM!M:M) -> 0 | AZ49: =SUMIF(BOM!$B:$B,원재료!$B49,BOM!N:N) -> 0 | BA49: =SUMIF(BOM!$B:$B,원재료!$B49,BOM!O:O) -> 0 | BB49: =SUMIF(BOM!$B:$B,원재료!$B49,BOM!P:P) -> 0
A50: 원재료 | B50: 326953 | C50: 그릴린GB 동방푸드마스타 15KG | D50: 15 | E50: =562500/15 -> 37500 | F50: =+H50+K50+N50 -> 8.12 | G50: =+E50*F50 -> 304500 | H50: =IFERROR(VLOOKUP(B50,'음성공장 재고장'!A:E,4,FALSE),0) -> 8.12 | I50: =+$E50*H50 -> 304500 | J50: =IFERROR(VLOOKUP(B50,'음성공장 재고장'!A:E,5,FALSE),0) -> 46085 | K50: =IFERROR(VLOOKUP(B50,'음성공장 재고장'!A:F,6,FALSE),0) -> 0 | L50: =+$E50*K50 -> 0 | M50: =IFERROR(VLOOKUP(B50,'음성공장 재고장'!A:G,7,FALSE),0) -> 없음 | Q50: =IFERROR(R50/E50,0) -> 8.12 | R50: =IFERROR(IF(OR(V50<U50,S50=0),G50-S50*E50*(ABS(MONTH($S$1)-MONTH(V50))),0),0) -> 304500 | S50: =AVERAGE(AQ50:AU50) -> 0 | T50: =IFERROR(F50/S50,0) -> 0 | U50: =IF(H50=0,"재고없음",IF(S50=0,"사용없음",$S$1+T50*30)) -> 사용없음 | V50: =IF(F50=0,"재고없음",IF(AND(J50=0,M50=0,P50=0),"없음",MIN(J50,M50,P50))) -> 46085 | W50: 0 | X50: 0 | Y50: =+S50*W50/30 -> 0 | Z50: =IFERROR(IF(AND($S$1+W50-V50>0,(MAX(P50,M50,J50)<V50+W50)),"O",IF(OR(Y50-F50<=0,S50=0),"X","O")),0) -> X | AA50: =IFERROR(IF(U50="사용없음","X",IF(V50-U50>0,"O","X")),0) -> X | AB50: =IF(U50="사용없음",$AD$2,IF(T50=0,"-",IF(T50<=1,$AA$2,IF(AND(T50>1,T50<=4),$AB$2,$AD$2)))) -> C | AC50: =COUNTIF(BOM!B:B,원재료!B50) -> 1 | AD50: =IF(AND(AA50="X",AB50="C",AC50<2),"원료대체검토",IF(AND(AA50="X",AB50="C"),"소진계획필요","판매활성화")) -> 원료대체검토 | AE50: 0 | AF50: 0 | AG50: 0 | AH50: 0 | AI50: 0 | AJ50: 0 | AK50: 0 | AL50: 8.1 | AM50: 0 | AN50: 0 | AO50: 0 | AP50: 0 | AQ50: =SUMIF(BOM!$B:$B,원재료!$B50,BOM!E:E) -> 0 | AR50: =SUMIF(BOM!$B:$B,원재료!$B50,BOM!F:F) -> 0 | AS50: =SUMIF(BOM!$B:$B,원재료!$B50,BOM!G:G) -> 0 | AT50: =SUMIF(BOM!$B:$B,원재료!$B50,BOM!H:H) -> 0 | AU50: =SUMIF(BOM!$B:$B,원재료!$B50,BOM!I:I) -> 0 | AV50: =SUMIF(BOM!$B:$B,원재료!$B50,BOM!J:J) -> 0 | AW50: =SUMIF(BOM!$B:$B,원재료!$B50,BOM!K:K) -> 0 | AX50: =SUMIF(BOM!$B:$B,원재료!$B50,BOM!L:L) -> 0 | AY50: =SUMIF(BOM!$B:$B,원재료!$B50,BOM!M:M) -> 0 | AZ50: =SUMIF(BOM!$B:$B,원재료!$B50,BOM!N:N) -> 0 | BA50: =SUMIF(BOM!$B:$B,원재료!$B50,BOM!O:O) -> 0 | BB50: =SUMIF(BOM!$B:$B,원재료!$B50,BOM!P:P) -> 0
A51: 원재료 | B51: 331935 | C51: 발효 엔아미노 LH 대상 10KG | D51: 10 | E51: =270000/10 -> 27000 | F51: =+H51+K51+N51 -> 10 | G51: =+E51*F51 -> 270000 | H51: =IFERROR(VLOOKUP(B51,'음성공장 재고장'!A:E,4,FALSE),0) -> 10 | I51: =+$E51*H51 -> 270000 | J51: =IFERROR(VLOOKUP(B51,'음성공장 재고장'!A:E,5,FALSE),0) -> 46259 | K51: =IFERROR(VLOOKUP(B51,'음성공장 재고장'!A:F,6,FALSE),0) -> 0 | L51: =+$E51*K51 -> 0 | M51: =IFERROR(VLOOKUP(B51,'음성공장 재고장'!A:G,7,FALSE),0) -> 없음 | Q51: =IFERROR(R51/E51,0) -> 10 | R51: =IFERROR(IF(OR(V51<U51,S51=0),G51-S51*E51*(ABS(MONTH($S$1)-MONTH(V51))),0),0) -> 270000 | S51: =AVERAGE(AQ51:AU51) -> 0 | T51: =IFERROR(F51/S51,0) -> 0 | U51: =IF(H51=0,"재고없음",IF(S51=0,"사용없음",$S$1+T51*30)) -> 사용없음 | V51: =IF(F51=0,"재고없음",IF(AND(J51=0,M51=0,P51=0),"없음",MIN(J51,M51,P51))) -> 46259 | W51: 0 | X51: 0 | Y51: =+S51*W51/30 -> 0 | Z51: =IFERROR(IF(AND($S$1+W51-V51>0,(MAX(P51,M51,J51)<V51+W51)),"O",IF(OR(Y51-F51<=0,S51=0),"X","O")),0) -> X | AA51: =IFERROR(IF(U51="사용없음","X",IF(V51-U51>0,"O","X")),0) -> X | AB51: =IF(U51="사용없음",$AD$2,IF(T51=0,"-",IF(T51<=1,$AA$2,IF(AND(T51>1,T51<=4),$AB$2,$AD$2)))) -> C | AC51: =COUNTIF(BOM!B:B,원재료!B51) -> 2 | AD51: =IF(AND(AA51="X",AB51="C",AC51<2),"원료대체검토",IF(AND(AA51="X",AB51="C"),"소진계획필요","판매활성화")) -> 소진계획필요 | AE51: 0 | AF51: 0 | AG51: 0 | AH51: 0 | AI51: 0 | AJ51: 0.2 | AK51: 0 | AL51: 15.5 | AM51: 0 | AN51: 3.2 | AO51: 0 | AP51: 0 | AQ51: =SUMIF(BOM!$B:$B,원재료!$B51,BOM!E:E) -> 0 | AR51: =SUMIF(BOM!$B:$B,원재료!$B51,BOM!F:F) -> 0 | AS51: =SUMIF(BOM!$B:$B,원재료!$B51,BOM!G:G) -> 0 | AT51: =SUMIF(BOM!$B:$B,원재료!$B51,BOM!H:H) -> 0 | AU51: =SUMIF(BOM!$B:$B,원재료!$B51,BOM!I:I) -> 0 | AV51: =SUMIF(BOM!$B:$B,원재료!$B51,BOM!J:J) -> 0 | AW51: =SUMIF(BOM!$B:$B,원재료!$B51,BOM!K:K) -> 0 | AX51: =SUMIF(BOM!$B:$B,원재료!$B51,BOM!L:L) -> 0 | AY51: =SUMIF(BOM!$B:$B,원재료!$B51,BOM!M:M) -> 0 | AZ51: =SUMIF(BOM!$B:$B,원재료!$B51,BOM!N:N) -> 0 | BA51: =SUMIF(BOM!$B:$B,원재료!$B51,BOM!O:O) -> 0 | BB51: =SUMIF(BOM!$B:$B,원재료!$B51,BOM!P:P) -> 0
A52: 원재료 | B52: 321472 | C52: 아미노베이스PS 샘표식품 20KG | D52: 20 | E52: =320000/20 -> 16000 | F52: =+H52+K52+N52 -> 14.02 | G52: =+E52*F52 -> 224320 | H52: =IFERROR(VLOOKUP(B52,'음성공장 재고장'!A:E,4,FALSE),0) -> 14.02 | I52: =+$E52*H52 -> 224320 | J52: =IFERROR(VLOOKUP(B52,'음성공장 재고장'!A:E,5,FALSE),0) -> 45925 | K52: =IFERROR(VLOOKUP(B52,'음성공장 재고장'!A:F,6,FALSE),0) -> 0 | L52: =+$E52*K52 -> 0 | M52: =IFERROR(VLOOKUP(B52,'음성공장 재고장'!A:G,7,FALSE),0) -> 없음 | Q52: =IFERROR(R52/E52,0) -> 14.02 | R52: =IFERROR(IF(OR(V52<U52,S52=0),G52-S52*E52*(ABS(MONTH($S$1)-MONTH(V52))),0),0) -> 224320 | S52: =AVERAGE(AQ52:AU52) -> 0 | T52: =IFERROR(F52/S52,0) -> 0 | U52: =IF(H52=0,"재고없음",IF(S52=0,"사용없음",$S$1+T52*30)) -> 사용없음 | V52: =IF(F52=0,"재고없음",IF(AND(J52=0,M52=0,P52=0),"없음",MIN(J52,M52,P52))) -> 45925 | W52: 0 | X52: 0 | Y52: =+S52*W52/30 -> 0 | Z52: =IFERROR(IF(AND($S$1+W52-V52>0,(MAX(P52,M52,J52)<V52+W52)),"O",IF(OR(Y52-F52<=0,S52=0),"X","O")),0) -> X | AA52: =IFERROR(IF(U52="사용없음","X",IF(V52-U52>0,"O","X")),0) -> X | AB52: =IF(U52="사용없음",$AD$2,IF(T52=0,"-",IF(T52<=1,$AA$2,IF(AND(T52>1,T52<=4),$AB$2,$AD$2)))) -> C | AC52: =COUNTIF(BOM!B:B,원재료!B52) -> 5 | AD52: =IF(AND(AA52="X",AB52="C",AC52<2),"원료대체검토",IF(AND(AA52="X",AB52="C"),"소진계획필요","판매활성화")) -> 소진계획필요 | AE52: 8.5 | AF52: 2.28912 | AG52: 31.3912 | AH52: 15.2608 | AI52: 0 | AJ52: 1 | AK52: 22.8912 | AL52: 76.78912 | AM52: 0 | AN52: 16 | AO52: 0 | AP52: 0 | AQ52: =SUMIF(BOM!$B:$B,원재료!$B52,BOM!E:E) -> 0 | AR52: =SUMIF(BOM!$B:$B,원재료!$B52,BOM!F:F) -> 0 | AS52: =SUMIF(BOM!$B:$B,원재료!$B52,BOM!G:G) -> 0 | AT52: =SUMIF(BOM!$B:$B,원재료!$B52,BOM!H:H) -> 0 | AU52: =SUMIF(BOM!$B:$B,원재료!$B52,BOM!I:I) -> 0 | AV52: =SUMIF(BOM!$B:$B,원재료!$B52,BOM!J:J) -> 0 | AW52: =SUMIF(BOM!$B:$B,원재료!$B52,BOM!K:K) -> 0 | AX52: =SUMIF(BOM!$B:$B,원재료!$B52,BOM!L:L) -> 0 | AY52: =SUMIF(BOM!$B:$B,원재료!$B52,BOM!M:M) -> 0 | AZ52: =SUMIF(BOM!$B:$B,원재료!$B52,BOM!N:N) -> 0 | BA52: =SUMIF(BOM!$B:$B,원재료!$B52,BOM!O:O) -> 0 | BB52: =SUMIF(BOM!$B:$B,원재료!$B52,BOM!P:P) -> 0
A53: 원재료 | B53: 117697 | C53: 물류)함수결정포도당 직납 대상 | D53: 20 | E53: =36670/20 -> 1833.5 | F53: =+H53+K53+N53 -> 0 | G53: =+E53*F53 -> 0 | H53: =IFERROR(VLOOKUP(B53,'음성공장 재고장'!A:E,4,FALSE),0) -> 0 | I53: =+$E53*H53 -> 0 | J53: =IFERROR(VLOOKUP(B53,'음성공장 재고장'!A:E,5,FALSE),0) -> 없음 | K53: =IFERROR(VLOOKUP(B53,'음성공장 재고장'!A:F,6,FALSE),0) -> 0 | L53: =+$E53*K53 -> 0 | M53: =IFERROR(VLOOKUP(B53,'음성공장 재고장'!A:G,7,FALSE),0) -> 없음 | Q53: =IFERROR(R53/E53,0) -> 0 | R53: =IFERROR(IF(OR(V53<U53,S53=0),G53-S53*E53*(ABS(MONTH($S$1)-MONTH(V53))),0),0) -> 0 | S53: =AVERAGE(AQ53:AU53) -> 0 | T53: =IFERROR(F53/S53,0) -> 0 | U53: =IF(H53=0,"재고없음",IF(S53=0,"사용없음",$S$1+T53*30)) -> 재고없음 | V53: =IF(F53=0,"재고없음",IF(AND(J53=0,M53=0,P53=0),"없음",MIN(J53,M53,P53))) -> 재고없음 | W53: 0 | X53: 0 | Y53: =+S53*W53/30 -> 0 | Z53: =IFERROR(IF(AND($S$1+W53-V53>0,(MAX(P53,M53,J53)<V53+W53)),"O",IF(OR(Y53-F53<=0,S53=0),"X","O")),0) -> 0 | AA53: =IFERROR(IF(U53="사용없음","X",IF(V53-U53>0,"O","X")),0) -> 0 | AB53: =IF(U53="사용없음",$AD$2,IF(T53=0,"-",IF(T53<=1,$AA$2,IF(AND(T53>1,T53<=4),$AB$2,$AD$2)))) -> - | AC53: =COUNTIF(BOM!B:B,원재료!B53) -> 1 | AD53: =IF(AND(AA53="X",AB53="C",AC53<2),"원료대체검토",IF(AND(AA53="X",AB53="C"),"소진계획필요","판매활성화")) -> 판매활성화 | AE53: 0 | AF53: 0 | AG53: 0 | AH53: 0 | AI53: 0 | AJ53: 0 | AK53: 0 | AL53: 0 | AM53: 0 | AN53: 0 | AO53: 0 | AP53: 0 | AQ53: =SUMIF(BOM!$B:$B,원재료!$B53,BOM!E:E) -> 0 | AR53: =SUMIF(BOM!$B:$B,원재료!$B53,BOM!F:F) -> 0 | AS53: =SUMIF(BOM!$B:$B,원재료!$B53,BOM!G:G) -> 0 | AT53: =SUMIF(BOM!$B:$B,원재료!$B53,BOM!H:H) -> 0 | AU53: =SUMIF(BOM!$B:$B,원재료!$B53,BOM!I:I) -> 0 | AV53: =SUMIF(BOM!$B:$B,원재료!$B53,BOM!J:J) -> 0 | AW53: =SUMIF(BOM!$B:$B,원재료!$B53,BOM!K:K) -> 0 | AX53: =SUMIF(BOM!$B:$B,원재료!$B53,BOM!L:L) -> 0 | AY53: =SUMIF(BOM!$B:$B,원재료!$B53,BOM!M:M) -> 0 | AZ53: =SUMIF(BOM!$B:$B,원재료!$B53,BOM!N:N) -> 0 | BA53: =SUMIF(BOM!$B:$B,원재료!$B53,BOM!O:O) -> 0 | BB53: =SUMIF(BOM!$B:$B,원재료!$B53,BOM!P:P) -> 0
A54: 원재료 | B54: 048527 | C54: 그릴린지비 레드알로우 | D54: 68 | E54: =2312000/68 -> 34000 | F54: =+H54+K54+N54 -> 4.42 | G54: =+E54*F54 -> 150280 | H54: =IFERROR(VLOOKUP(B54,'음성공장 재고장'!A:E,4,FALSE),0) -> 4.42 | I54: =+$E54*H54 -> 150280 | J54: =IFERROR(VLOOKUP(B54,'음성공장 재고장'!A:E,5,FALSE),0) -> 45897 | K54: =IFERROR(VLOOKUP(B54,'음성공장 재고장'!A:F,6,FALSE),0) -> 0 | L54: =+$E54*K54 -> 0 | M54: =IFERROR(VLOOKUP(B54,'음성공장 재고장'!A:G,7,FALSE),0) -> 없음 | Q54: =IFERROR(R54/E54,0) -> 4.42 | R54: =IFERROR(IF(OR(V54<U54,S54=0),G54-S54*E54*(ABS(MONTH($S$1)-MONTH(V54))),0),0) -> 150280 | S54: =AVERAGE(AQ54:AU54) -> 0 | T54: =IFERROR(F54/S54,0) -> 0 | U54: =IF(H54=0,"재고없음",IF(S54=0,"사용없음",$S$1+T54*30)) -> 사용없음 | V54: =IF(F54=0,"재고없음",IF(AND(J54=0,M54=0,P54=0),"없음",MIN(J54,M54,P54))) -> 45897 | W54: 0 | X54: 0 | Y54: =+S54*W54/30 -> 0 | Z54: =IFERROR(IF(AND($S$1+W54-V54>0,(MAX(P54,M54,J54)<V54+W54)),"O",IF(OR(Y54-F54<=0,S54=0),"X","O")),0) -> X | AA54: =IFERROR(IF(U54="사용없음","X",IF(V54-U54>0,"O","X")),0) -> X | AB54: =IF(U54="사용없음",$AD$2,IF(T54=0,"-",IF(T54<=1,$AA$2,IF(AND(T54>1,T54<=4),$AB$2,$AD$2)))) -> C | AC54: =COUNTIF(BOM!B:B,원재료!B54) -> 1 | AD54: =IF(AND(AA54="X",AB54="C",AC54<2),"원료대체검토",IF(AND(AA54="X",AB54="C"),"소진계획필요","판매활성화")) -> 원료대체검토 | AE54: 0 | AF54: 0 | AG54: 0 | AH54: 0 | AI54: 0 | AJ54: 0 | AK54: 0 | AL54: 0 | AM54: 0 | AN54: 0 | AO54: 0 | AP54: 0 | AQ54: =SUMIF(BOM!$B:$B,원재료!$B54,BOM!E:E) -> 0 | AR54: =SUMIF(BOM!$B:$B,원재료!$B54,BOM!F:F) -> 0 | AS54: =SUMIF(BOM!$B:$B,원재료!$B54,BOM!G:G) -> 0 | AT54: =SUMIF(BOM!$B:$B,원재료!$B54,BOM!H:H) -> 0 | AU54: =SUMIF(BOM!$B:$B,원재료!$B54,BOM!I:I) -> 0 | AV54: =SUMIF(BOM!$B:$B,원재료!$B54,BOM!J:J) -> 0 | AW54: =SUMIF(BOM!$B:$B,원재료!$B54,BOM!K:K) -> 0 | AX54: =SUMIF(BOM!$B:$B,원재료!$B54,BOM!L:L) -> 0 | AY54: =SUMIF(BOM!$B:$B,원재료!$B54,BOM!M:M) -> 0 | AZ54: =SUMIF(BOM!$B:$B,원재료!$B54,BOM!N:N) -> 0 | BA54: =SUMIF(BOM!$B:$B,원재료!$B54,BOM!O:O) -> 0 | BB54: =SUMIF(BOM!$B:$B,원재료!$B54,BOM!P:P) -> 0
A55: 원재료 | B55: 064585 | C55: 구아검 금영 | D55: 25 | E55: =146250/25 -> 5850 | F55: =+H55+K55+N55 -> 20.8 | G55: =+E55*F55 -> 121680 | H55: =IFERROR(VLOOKUP(B55,'음성공장 재고장'!A:E,4,FALSE),0) -> 20.8 | I55: =+$E55*H55 -> 121680 | J55: =IFERROR(VLOOKUP(B55,'음성공장 재고장'!A:E,5,FALSE),0) -> 45868 | K55: =IFERROR(VLOOKUP(B55,'음성공장 재고장'!A:F,6,FALSE),0) -> 0 | L55: =+$E55*K55 -> 0 | M55: =IFERROR(VLOOKUP(B55,'음성공장 재고장'!A:G,7,FALSE),0) -> 없음 | Q55: =IFERROR(R55/E55,0) -> 20.8 | R55: =IFERROR(IF(OR(V55<U55,S55=0),G55-S55*E55*(ABS(MONTH($S$1)-MONTH(V55))),0),0) -> 121680 | S55: =AVERAGE(AQ55:AU55) -> 0 | T55: =IFERROR(F55/S55,0) -> 0 | U55: =IF(H55=0,"재고없음",IF(S55=0,"사용없음",$S$1+T55*30)) -> 사용없음 | V55: =IF(F55=0,"재고없음",IF(AND(J55=0,M55=0,P55=0),"없음",MIN(J55,M55,P55))) -> 45868 | W55: 0 | X55: 0 | Y55: =+S55*W55/30 -> 0 | Z55: =IFERROR(IF(AND($S$1+W55-V55>0,(MAX(P55,M55,J55)<V55+W55)),"O",IF(OR(Y55-F55<=0,S55=0),"X","O")),0) -> X | AA55: =IFERROR(IF(U55="사용없음","X",IF(V55-U55>0,"O","X")),0) -> X | AB55: =IF(U55="사용없음",$AD$2,IF(T55=0,"-",IF(T55<=1,$AA$2,IF(AND(T55>1,T55<=4),$AB$2,$AD$2)))) -> C | AC55: =COUNTIF(BOM!B:B,원재료!B55) -> 1 | AD55: =IF(AND(AA55="X",AB55="C",AC55<2),"원료대체검토",IF(AND(AA55="X",AB55="C"),"소진계획필요","판매활성화")) -> 원료대체검토 | AE55: 0 | AF55: 0 | AG55: 0 | AH55: 0 | AI55: 0 | AJ55: 0 | AK55: 0 | AL55: 0 | AM55: 0 | AN55: 0 | AO55: 0 | AP55: 0 | AQ55: =SUMIF(BOM!$B:$B,원재료!$B55,BOM!E:E) -> 0 | AR55: =SUMIF(BOM!$B:$B,원재료!$B55,BOM!F:F) -> 0 | AS55: =SUMIF(BOM!$B:$B,원재료!$B55,BOM!G:G) -> 0 | AT55: =SUMIF(BOM!$B:$B,원재료!$B55,BOM!H:H) -> 0 | AU55: =SUMIF(BOM!$B:$B,원재료!$B55,BOM!I:I) -> 0 | AV55: =SUMIF(BOM!$B:$B,원재료!$B55,BOM!J:J) -> 0 | AW55: =SUMIF(BOM!$B:$B,원재료!$B55,BOM!K:K) -> 0 | AX55: =SUMIF(BOM!$B:$B,원재료!$B55,BOM!L:L) -> 0 | AY55: =SUMIF(BOM!$B:$B,원재료!$B55,BOM!M:M) -> 0 | AZ55: =SUMIF(BOM!$B:$B,원재료!$B55,BOM!N:N) -> 0 | BA55: =SUMIF(BOM!$B:$B,원재료!$B55,BOM!O:O) -> 0 | BB55: =SUMIF(BOM!$B:$B,원재료!$B55,BOM!P:P) -> 0
A56: 원재료 | B56: 320844 | C56: 염화칼륨 미화 | D56: 20 | E56: =106000/D56 -> 5300 | F56: =+H56+K56+N56 -> 14.06 | G56: =+E56*F56 -> 74518 | H56: =IFERROR(VLOOKUP(B56,'음성공장 재고장'!A:E,4,FALSE),0) -> 14.06 | I56: =+$E56*H56 -> 74518 | J56: 없음 | K56: =IFERROR(VLOOKUP(B56,'음성공장 재고장'!A:F,6,FALSE),0) -> 0 | L56: =+$E56*K56 -> 0 | M56: =IFERROR(VLOOKUP(B56,'음성공장 재고장'!A:G,7,FALSE),0) -> 없음 | Q56: =IFERROR(R56/E56,0) -> 14.06 | R56: =IFERROR(IF(OR(V56<U56,S56=0),G56-S56*E56*(ABS(MONTH($S$1)-MONTH(V56))),0),0) -> 74518 | S56: =AVERAGE(AQ56:AU56) -> 0 | T56: =IFERROR(F56/S56,0) -> 0 | U56: =IF(H56=0,"재고없음",IF(S56=0,"사용없음",$S$1+T56*30)) -> 사용없음 | V56: =IF(F56=0,"재고없음",IF(AND(J56=0,M56=0,P56=0),"없음",MIN(J56,M56,P56))) -> 0 | W56: 0 | X56: 0 | Y56: =+S56*W56/30 -> 0 | Z56: =IFERROR(IF(AND($S$1+W56-V56>0,(MAX(P56,M56,J56)<V56+W56)),"O",IF(OR(Y56-F56<=0,S56=0),"X","O")),0) -> X | AA56: =IFERROR(IF(U56="사용없음","X",IF(V56-U56>0,"O","X")),0) -> X | AB56: =IF(U56="사용없음",$AD$2,IF(T56=0,"-",IF(T56<=1,$AA$2,IF(AND(T56>1,T56<=4),$AB$2,$AD$2)))) -> C | AC56: =COUNTIF(BOM!B:B,원재료!B56) -> 1 | AD56: =IF(AND(AA56="X",AB56="C",AC56<2),"원료대체검토",IF(AND(AA56="X",AB56="C"),"소진계획필요","판매활성화")) -> 원료대체검토 | AE56: 0 | AF56: 0 | AG56: 0 | AH56: 0 | AI56: 0 | AJ56: 0 | AK56: 0 | AL56: 0 | AM56: 0 | AN56: 0 | AO56: 0 | AP56: 0 | AQ56: =SUMIF(BOM!$B:$B,원재료!$B56,BOM!E:E) -> 0 | AR56: =SUMIF(BOM!$B:$B,원재료!$B56,BOM!F:F) -> 0 | AS56: =SUMIF(BOM!$B:$B,원재료!$B56,BOM!G:G) -> 0 | AT56: =SUMIF(BOM!$B:$B,원재료!$B56,BOM!H:H) -> 0 | AU56: =SUMIF(BOM!$B:$B,원재료!$B56,BOM!I:I) -> 0 | AV56: =SUMIF(BOM!$B:$B,원재료!$B56,BOM!J:J) -> 0 | AW56: =SUMIF(BOM!$B:$B,원재료!$B56,BOM!K:K) -> 0 | AX56: =SUMIF(BOM!$B:$B,원재료!$B56,BOM!L:L) -> 0 | AY56: =SUMIF(BOM!$B:$B,원재료!$B56,BOM!M:M) -> 0 | AZ56: =SUMIF(BOM!$B:$B,원재료!$B56,BOM!N:N) -> 0 | BA56: =SUMIF(BOM!$B:$B,원재료!$B56,BOM!O:O) -> 0 | BB56: =SUMIF(BOM!$B:$B,원재료!$B56,BOM!P:P) -> 0
A57: 원재료 | B57: 241556 | C57: 마늘분말 이슬나라 | D57: 0.45 | E57: =6284/0.45 -> 13964.444 | F57: =+H57+K57+N57 -> 0.9 | G57: =+E57*F57 -> 12568 | H57: =IFERROR(VLOOKUP(B57,'음성공장 재고장'!A:E,4,FALSE),0) -> 0.9 | I57: =+$E57*H57 -> 12568 | J57: =IFERROR(VLOOKUP(B57,'음성공장 재고장'!A:E,5,FALSE),0) -> 45827 | K57: =IFERROR(VLOOKUP(B57,'음성공장 재고장'!A:F,6,FALSE),0) -> 0 | L57: =+$E57*K57 -> 0 | M57: =IFERROR(VLOOKUP(B57,'음성공장 재고장'!A:G,7,FALSE),0) -> 없음 | Q57: =IFERROR(R57/E57,0) -> 0.9 | R57: =IFERROR(IF(OR(V57<U57,S57=0),G57-S57*E57*(ABS(MONTH($S$1)-MONTH(V57))),0),0) -> 12568 | S57: =AVERAGE(AQ57:AU57) -> 0 | T57: =IFERROR(F57/S57,0) -> 0 | U57: =IF(H57=0,"재고없음",IF(S57=0,"사용없음",$S$1+T57*30)) -> 사용없음 | V57: =IF(F57=0,"재고없음",IF(AND(J57=0,M57=0,P57=0),"없음",MIN(J57,M57,P57))) -> 45827 | W57: 0 | X57: 0 | Y57: =+S57*W57/30 -> 0 | Z57: =IFERROR(IF(AND($S$1+W57-V57>0,(MAX(P57,M57,J57)<V57+W57)),"O",IF(OR(Y57-F57<=0,S57=0),"X","O")),0) -> X | AA57: =IFERROR(IF(U57="사용없음","X",IF(V57-U57>0,"O","X")),0) -> X | AB57: =IF(U57="사용없음",$AD$2,IF(T57=0,"-",IF(T57<=1,$AA$2,IF(AND(T57>1,T57<=4),$AB$2,$AD$2)))) -> C | AC57: =COUNTIF(BOM!B:B,원재료!B57) -> 1 | AD57: =IF(AND(AA57="X",AB57="C",AC57<2),"원료대체검토",IF(AND(AA57="X",AB57="C"),"소진계획필요","판매활성화")) -> 원료대체검토 | AE57: 0 | AF57: 0 | AG57: 0 | AH57: 0 | AI57: 0 | AJ57: 0 | AK57: 0 | AL57: 0 | AM57: 0 | AN57: 0 | AO57: 0 | AP57: 0 | AQ57: =SUMIF(BOM!$B:$B,원재료!$B57,BOM!E:E) -> 0 | AR57: =SUMIF(BOM!$B:$B,원재료!$B57,BOM!F:F) -> 0 | AS57: =SUMIF(BOM!$B:$B,원재료!$B57,BOM!G:G) -> 0 | AT57: =SUMIF(BOM!$B:$B,원재료!$B57,BOM!H:H) -> 0 | AU57: =SUMIF(BOM!$B:$B,원재료!$B57,BOM!I:I) -> 0 | AV57: =SUMIF(BOM!$B:$B,원재료!$B57,BOM!J:J) -> 0 | AW57: =SUMIF(BOM!$B:$B,원재료!$B57,BOM!K:K) -> 0 | AX57: =SUMIF(BOM!$B:$B,원재료!$B57,BOM!L:L) -> 0 | AY57: =SUMIF(BOM!$B:$B,원재료!$B57,BOM!M:M) -> 0 | AZ57: =SUMIF(BOM!$B:$B,원재료!$B57,BOM!N:N) -> 0 | BA57: =SUMIF(BOM!$B:$B,원재료!$B57,BOM!O:O) -> 0 | BB57: =SUMIF(BOM!$B:$B,원재료!$B57,BOM!P:P) -> 0
A58: 원재료 | B58: 252843 | C58: 오토 찰진고구마당면 영흥식품 | D58: 13 | E58: 2384.6154 | F58: =+H58+K58+N58 -> 13 | G58: =+E58*F58 -> 31000 | H58: =IFERROR(VLOOKUP(B58,'음성공장 재고장'!A:E,4,FALSE),0) -> 13 | I58: =+$E58*H58 -> 31000 | J58: =IFERROR(VLOOKUP(B58,'음성공장 재고장'!A:E,5,FALSE),0) -> 46098 | K58: =IFERROR(VLOOKUP(B58,'음성공장 재고장'!A:F,6,FALSE),0) -> 0 | L58: =+$E58*K58 -> 0 | M58: =IFERROR(VLOOKUP(B58,'음성공장 재고장'!A:G,7,FALSE),0) -> 없음 | Q58: =IFERROR(R58/E58,0) -> 13 | R58: =IFERROR(IF(OR(V58<U58,S58=0),G58-S58*E58*(ABS(MONTH($S$1)-MONTH(V58))),0),0) -> 31000 | S58: =AVERAGE(AQ58:AU58) -> 0 | T58: =IFERROR(F58/S58,0) -> 0 | U58: =IF(H58=0,"재고없음",IF(S58=0,"사용없음",$S$1+T58*30)) -> 사용없음 | V58: =IF(F58=0,"재고없음",IF(AND(J58=0,M58=0,P58=0),"없음",MIN(J58,M58,P58))) -> 46098 | W58: 0 | X58: 0 | Y58: =+S58*W58/30 -> 0 | Z58: =IFERROR(IF(AND($S$1+W58-V58>0,(MAX(P58,M58,J58)<V58+W58)),"O",IF(OR(Y58-F58<=0,S58=0),"X","O")),0) -> X | AA58: =IFERROR(IF(U58="사용없음","X",IF(V58-U58>0,"O","X")),0) -> X | AB58: =IF(U58="사용없음",$AD$2,IF(T58=0,"-",IF(T58<=1,$AA$2,IF(AND(T58>1,T58<=4),$AB$2,$AD$2)))) -> C | AC58: =COUNTIF(BOM!B:B,원재료!B58) -> 1 | AD58: =IF(AND(AA58="X",AB58="C",AC58<2),"원료대체검토",IF(AND(AA58="X",AB58="C"),"소진계획필요","판매활성화")) -> 원료대체검토 | AE58: 0 | AF58: 0 | AG58: 0 | AH58: 0 | AI58: 0 | AJ58: 0 | AK58: 0 | AL58: 0 | AM58: 0 | AN58: 0 | AO58: 0 | AP58: 0 | AQ58: =SUMIF(BOM!$B:$B,원재료!$B58,BOM!E:E) -> 0 | AR58: =SUMIF(BOM!$B:$B,원재료!$B58,BOM!F:F) -> 0 | AS58: =SUMIF(BOM!$B:$B,원재료!$B58,BOM!G:G) -> 0 | AT58: =SUMIF(BOM!$B:$B,원재료!$B58,BOM!H:H) -> 0 | AU58: =SUMIF(BOM!$B:$B,원재료!$B58,BOM!I:I) -> 0 | AV58: =SUMIF(BOM!$B:$B,원재료!$B58,BOM!J:J) -> 0 | AW58: =SUMIF(BOM!$B:$B,원재료!$B58,BOM!K:K) -> 0 | AX58: =SUMIF(BOM!$B:$B,원재료!$B58,BOM!L:L) -> 0 | AY58: =SUMIF(BOM!$B:$B,원재료!$B58,BOM!M:M) -> 0 | AZ58: =SUMIF(BOM!$B:$B,원재료!$B58,BOM!N:N) -> 0 | BA58: =SUMIF(BOM!$B:$B,원재료!$B58,BOM!O:O) -> 0 | BB58: =SUMIF(BOM!$B:$B,원재료!$B58,BOM!P:P) -> 0
A59: 원재료 | B59: 253650 | C59: 잔탄검 다인소재 | D59: 25 | E59: =150000/25 -> 6000 | F59: =+H59+K59+N59 -> 66.93 | G59: =+E59*F59 -> 401580 | H59: =IFERROR(VLOOKUP(B59,'음성공장 재고장'!A:E,4,FALSE),0) -> 42.21 | I59: =+$E59*H59 -> 253260 | J59: =IFERROR(VLOOKUP(B59,'음성공장 재고장'!A:E,5,FALSE),0) -> 45888 | K59: =IFERROR(VLOOKUP(B59,'음성공장 재고장'!A:F,6,FALSE),0) -> 24.72 | L59: =+$E59*K59 -> 148320 | M59: =IFERROR(VLOOKUP(B59,'음성공장 재고장'!A:G,7,FALSE),0) -> 46228 | Q59: =IFERROR(R59/E59,0) -> 66.656314 | R59: =IFERROR(IF(OR(V59<U59,S59=0),G59-S59*E59*(ABS(MONTH($S$1)-MONTH(V59))),0),0) -> 399937.88 | S59: =AVERAGE(AQ59:AU59) -> 0.091228669 | T59: =IFERROR(F59/S59,0) -> 733.65095 | U59: =IF(H59=0,"재고없음",IF(S59=0,"사용없음",$S$1+T59*30)) -> 67812.529 | V59: =IF(F59=0,"재고없음",IF(AND(J59=0,M59=0,P59=0),"없음",MIN(J59,M59,P59))) -> 45888 | W59: 0 | X59: 0 | Y59: =+S59*W59/30 -> 0 | Z59: =IFERROR(IF(AND($S$1+W59-V59>0,(MAX(P59,M59,J59)<V59+W59)),"O",IF(OR(Y59-F59<=0,S59=0),"X","O")),0) -> X | AA59: =IFERROR(IF(U59="사용없음","X",IF(V59-U59>0,"O","X")),0) -> X | AB59: =IF(U59="사용없음",$AD$2,IF(T59=0,"-",IF(T59<=1,$AA$2,IF(AND(T59>1,T59<=4),$AB$2,$AD$2)))) -> C | AC59: =COUNTIF(BOM!B:B,원재료!B59) -> 2 | AD59: =IF(AND(AA59="X",AB59="C",AC59<2),"원료대체검토",IF(AND(AA59="X",AB59="C"),"소진계획필요","판매활성화")) -> 소진계획필요 | AE59: 0 | AF59: 0 | AG59: 0 | AH59: 0 | AI59: 0 | AJ59: 0 | AK59: 0 | AL59: 0 | AM59: 0 | AN59: 0 | AO59: 0 | AP59: 0 | AQ59: =SUMIF(BOM!$B:$B,원재료!$B59,BOM!E:E) -> 0 | AR59: =SUMIF(BOM!$B:$B,원재료!$B59,BOM!F:F) -> 0.45614334 | AS59: =SUMIF(BOM!$B:$B,원재료!$B59,BOM!G:G) -> 0 | AT59: =SUMIF(BOM!$B:$B,원재료!$B59,BOM!H:H) -> 0 | AU59: =SUMIF(BOM!$B:$B,원재료!$B59,BOM!I:I) -> 0 | AV59: =SUMIF(BOM!$B:$B,원재료!$B59,BOM!J:J) -> 0 | AW59: =SUMIF(BOM!$B:$B,원재료!$B59,BOM!K:K) -> 0 | AX59: =SUMIF(BOM!$B:$B,원재료!$B59,BOM!L:L) -> 0 | AY59: =SUMIF(BOM!$B:$B,원재료!$B59,BOM!M:M) -> 0 | AZ59: =SUMIF(BOM!$B:$B,원재료!$B59,BOM!N:N) -> 0 | BA59: =SUMIF(BOM!$B:$B,원재료!$B59,BOM!O:O) -> 0 | BB59: =SUMIF(BOM!$B:$B,원재료!$B59,BOM!P:P) -> 0
A60: 원재료 | B60: 262714 | C60: UF02 CJ제일제당 | D60: 20 | E60: =500000/20 -> 25000 | F60: =+H60+K60+N60 -> 16.88 | G60: =+E60*F60 -> 422000 | H60: =IFERROR(VLOOKUP(B60,'음성공장 재고장'!A:E,4,FALSE),0) -> 16.88 | I60: =+$E60*H60 -> 422000 | J60: =IFERROR(VLOOKUP(B60,'음성공장 재고장'!A:E,5,FALSE),0) -> 46527 | K60: =IFERROR(VLOOKUP(B60,'음성공장 재고장'!A:F,6,FALSE),0) -> 0 | L60: =+$E60*K60 -> 0 | M60: =IFERROR(VLOOKUP(B60,'음성공장 재고장'!A:G,7,FALSE),0) -> 없음 | Q60: =IFERROR(R60/E60,0) -> 16.88 | R60: =IFERROR(IF(OR(V60<U60,S60=0),G60-S60*E60*(ABS(MONTH($S$1)-MONTH(V60))),0),0) -> 422000 | S60: =AVERAGE(AQ60:AU60) -> 0 | T60: =IFERROR(F60/S60,0) -> 0 | U60: =IF(H60=0,"재고없음",IF(S60=0,"사용없음",$S$1+T60*30)) -> 사용없음 | V60: =IF(F60=0,"재고없음",IF(AND(J60=0,M60=0,P60=0),"없음",MIN(J60,M60,P60))) -> 46527 | W60: 0 | X60: 0 | Y60: =+S60*W60/30 -> 0 | Z60: =IFERROR(IF(AND($S$1+W60-V60>0,(MAX(P60,M60,J60)<V60+W60)),"O",IF(OR(Y60-F60<=0,S60=0),"X","O")),0) -> X | AA60: =IFERROR(IF(U60="사용없음","X",IF(V60-U60>0,"O","X")),0) -> X | AB60: =IF(U60="사용없음",$AD$2,IF(T60=0,"-",IF(T60<=1,$AA$2,IF(AND(T60>1,T60<=4),$AB$2,$AD$2)))) -> C | AC60: =COUNTIF(BOM!B:B,원재료!B60) -> 1 | AD60: =IF(AND(AA60="X",AB60="C",AC60<2),"원료대체검토",IF(AND(AA60="X",AB60="C"),"소진계획필요","판매활성화")) -> 원료대체검토 | AE60: 0 | AF60: 0 | AG60: 0 | AH60: 0 | AI60: 0 | AJ60: 0 | AK60: 0 | AL60: 0 | AM60: 0 | AN60: 0 | AO60: 0 | AP60: 0 | AQ60: =SUMIF(BOM!$B:$B,원재료!$B60,BOM!E:E) -> 0 | AR60: =SUMIF(BOM!$B:$B,원재료!$B60,BOM!F:F) -> 0 | AS60: =SUMIF(BOM!$B:$B,원재료!$B60,BOM!G:G) -> 0 | AT60: =SUMIF(BOM!$B:$B,원재료!$B60,BOM!H:H) -> 0 | AU60: =SUMIF(BOM!$B:$B,원재료!$B60,BOM!I:I) -> 0 | AV60: =SUMIF(BOM!$B:$B,원재료!$B60,BOM!J:J) -> 0 | AW60: =SUMIF(BOM!$B:$B,원재료!$B60,BOM!K:K) -> 0 | AX60: =SUMIF(BOM!$B:$B,원재료!$B60,BOM!L:L) -> 0 | AY60: =SUMIF(BOM!$B:$B,원재료!$B60,BOM!M:M) -> 0 | AZ60: =SUMIF(BOM!$B:$B,원재료!$B60,BOM!N:N) -> 0 | BA60: =SUMIF(BOM!$B:$B,원재료!$B60,BOM!O:O) -> 0 | BB60: =SUMIF(BOM!$B:$B,원재료!$B60,BOM!P:P) -> 0
A61: 원재료 | B61: 315599 | C61: 젖산칼슘 주피터인터내셔널 | D61: 20 | E61: =130000/20 -> 6500 | F61: =+H61+K61+N61 -> 19.63 | G61: =+E61*F61 -> 127595 | H61: =IFERROR(VLOOKUP(B61,'음성공장 재고장'!A:E,4,FALSE),0) -> 19.63 | I61: =+$E61*H61 -> 127595 | J61: =IFERROR(VLOOKUP(B61,'음성공장 재고장'!A:E,5,FALSE),0) -> 46660 | K61: =IFERROR(VLOOKUP(B61,'음성공장 재고장'!A:F,6,FALSE),0) -> 0 | L61: =+$E61*K61 -> 0 | M61: =IFERROR(VLOOKUP(B61,'음성공장 재고장'!A:G,7,FALSE),0) -> 없음 | Q61: =IFERROR(R61/E61,0) -> 19.63 | R61: =IFERROR(IF(OR(V61<U61,S61=0),G61-S61*E61*(ABS(MONTH($S$1)-MONTH(V61))),0),0) -> 127595 | S61: =AVERAGE(AQ61:AU61) -> 0 | T61: =IFERROR(F61/S61,0) -> 0 | U61: =IF(H61=0,"재고없음",IF(S61=0,"사용없음",$S$1+T61*30)) -> 사용없음 | V61: =IF(F61=0,"재고없음",IF(AND(J61=0,M61=0,P61=0),"없음",MIN(J61,M61,P61))) -> 46660 | W61: 0 | X61: 0 | Y61: =+S61*W61/30 -> 0 | Z61: =IFERROR(IF(AND($S$1+W61-V61>0,(MAX(P61,M61,J61)<V61+W61)),"O",IF(OR(Y61-F61<=0,S61=0),"X","O")),0) -> X | AA61: =IFERROR(IF(U61="사용없음","X",IF(V61-U61>0,"O","X")),0) -> X | AB61: =IF(U61="사용없음",$AD$2,IF(T61=0,"-",IF(T61<=1,$AA$2,IF(AND(T61>1,T61<=4),$AB$2,$AD$2)))) -> C | AC61: =COUNTIF(BOM!B:B,원재료!B61) -> 1 | AD61: =IF(AND(AA61="X",AB61="C",AC61<2),"원료대체검토",IF(AND(AA61="X",AB61="C"),"소진계획필요","판매활성화")) -> 원료대체검토 | AE61: 0 | AF61: 0 | AG61: 0 | AH61: 0 | AI61: 0 | AJ61: 0 | AK61: 0 | AL61: 0 | AM61: 0 | AN61: 0 | AO61: 0 | AP61: 0 | AQ61: =SUMIF(BOM!$B:$B,원재료!$B61,BOM!E:E) -> 0 | AR61: =SUMIF(BOM!$B:$B,원재료!$B61,BOM!F:F) -> 0 | AS61: =SUMIF(BOM!$B:$B,원재료!$B61,BOM!G:G) -> 0 | AT61: =SUMIF(BOM!$B:$B,원재료!$B61,BOM!H:H) -> 0 | AU61: =SUMIF(BOM!$B:$B,원재료!$B61,BOM!I:I) -> 0 | AV61: =SUMIF(BOM!$B:$B,원재료!$B61,BOM!J:J) -> 0 | AW61: =SUMIF(BOM!$B:$B,원재료!$B61,BOM!K:K) -> 0 | AX61: =SUMIF(BOM!$B:$B,원재료!$B61,BOM!L:L) -> 0 | AY61: =SUMIF(BOM!$B:$B,원재료!$B61,BOM!M:M) -> 0 | AZ61: =SUMIF(BOM!$B:$B,원재료!$B61,BOM!N:N) -> 0 | BA61: =SUMIF(BOM!$B:$B,원재료!$B61,BOM!O:O) -> 0 | BB61: =SUMIF(BOM!$B:$B,원재료!$B61,BOM!P:P) -> 0
A62: 원재료 | B62: 199175 | C62: 생강가루 이슬나라 | D62: 0.45 | E62: 5307 | F62: =+H62+K62+N62 -> 0 | G62: =+E62*F62 -> 0 | H62: =IFERROR(VLOOKUP(B62,'음성공장 재고장'!A:E,4,FALSE),0) -> 0 | I62: =+$E62*H62 -> 0 | J62: =IFERROR(VLOOKUP(B62,'음성공장 재고장'!A:E,5,FALSE),0) -> 없음 | K62: =IFERROR(VLOOKUP(B62,'음성공장 재고장'!A:F,6,FALSE),0) -> 0 | L62: =+$E62*K62 -> 0 | M62: =IFERROR(VLOOKUP(B62,'음성공장 재고장'!A:G,7,FALSE),0) -> 없음 | Q62: =IFERROR(R62/E62,0) -> 0 | R62: =IFERROR(IF(OR(V62<U62,S62=0),G62-S62*E62*(ABS(MONTH($S$1)-MONTH(V62))),0),0) -> 0 | S62: =AVERAGE(AQ62:AU62) -> 0 | T62: =IFERROR(F62/S62,0) -> 0 | U62: =IF(H62=0,"재고없음",IF(S62=0,"사용없음",$S$1+T62*30)) -> 재고없음 | V62: =IF(F62=0,"재고없음",IF(AND(J62=0,M62=0,P62=0),"없음",MIN(J62,M62,P62))) -> 재고없음 | W62: 0 | X62: 0 | Y62: =+S62*W62/30 -> 0 | Z62: =IFERROR(IF(AND($S$1+W62-V62>0,(MAX(P62,M62,J62)<V62+W62)),"O",IF(OR(Y62-F62<=0,S62=0),"X","O")),0) -> 0 | AA62: =IFERROR(IF(U62="사용없음","X",IF(V62-U62>0,"O","X")),0) -> 0 | AB62: =IF(U62="사용없음",$AD$2,IF(T62=0,"-",IF(T62<=1,$AA$2,IF(AND(T62>1,T62<=4),$AB$2,$AD$2)))) -> - | AC62: =COUNTIF(BOM!B:B,원재료!B62) -> 1 | AD62: =IF(AND(AA62="X",AB62="C",AC62<2),"원료대체검토",IF(AND(AA62="X",AB62="C"),"소진계획필요","판매활성화")) -> 판매활성화 | AE62: 0 | AF62: 0 | AG62: 0 | AH62: 0 | AI62: 0 | AJ62: 0 | AK62: 0 | AL62: 0 | AM62: 0 | AN62: 0 | AO62: 0 | AP62: 0 | AQ62: =SUMIF(BOM!$B:$B,원재료!$B62,BOM!E:E) -> 0 | AR62: =SUMIF(BOM!$B:$B,원재료!$B62,BOM!F:F) -> 0 | AS62: =SUMIF(BOM!$B:$B,원재료!$B62,BOM!G:G) -> 0 | AT62: =SUMIF(BOM!$B:$B,원재료!$B62,BOM!H:H) -> 0 | AU62: =SUMIF(BOM!$B:$B,원재료!$B62,BOM!I:I) -> 0 | AV62: =SUMIF(BOM!$B:$B,원재료!$B62,BOM!J:J) -> 0 | AW62: =SUMIF(BOM!$B:$B,원재료!$B62,BOM!K:K) -> 0 | AX62: =SUMIF(BOM!$B:$B,원재료!$B62,BOM!L:L) -> 0 | AY62: =SUMIF(BOM!$B:$B,원재료!$B62,BOM!M:M) -> 0 | AZ62: =SUMIF(BOM!$B:$B,원재료!$B62,BOM!N:N) -> 0 | BA62: =SUMIF(BOM!$B:$B,원재료!$B62,BOM!O:O) -> 0 | BB62: =SUMIF(BOM!$B:$B,원재료!$B62,BOM!P:P) -> 0
A63: 원재료 | B63: 117254 | C63: 로즈마리 분말 은진물산(250g) | D63: 0.25 | E63: =5365/0.25 -> 21460 | F63: =+H63+K63+N63 -> 0.87 | G63: =+E63*F63 -> 18670.2 | H63: =IFERROR(VLOOKUP(B63,'음성공장 재고장'!A:E,4,FALSE),0) -> 0.87 | I63: =+$E63*H63 -> 18670.2 | J63: =IFERROR(VLOOKUP(B63,'음성공장 재고장'!A:E,5,FALSE),0) -> 46066 | K63: =IFERROR(VLOOKUP(B63,'음성공장 재고장'!A:F,6,FALSE),0) -> 0 | L63: =+$E63*K63 -> 0 | M63: =IFERROR(VLOOKUP(B63,'음성공장 재고장'!A:G,7,FALSE),0) -> 없음 | Q63: =IFERROR(R63/E63,0) -> 0 | R63: =IFERROR(IF(OR(V63<U63,S63=0),G63-S63*E63*(ABS(MONTH($S$1)-MONTH(V63))),0),0) -> 0 | S63: =AVERAGE(AQ63:AU63) -> 0.99 | T63: =IFERROR(F63/S63,0) -> 0.87878788 | U63: =IF(H63=0,"재고없음",IF(S63=0,"사용없음",$S$1+T63*30)) -> 45829.364 | V63: =IF(F63=0,"재고없음",IF(AND(J63=0,M63=0,P63=0),"없음",MIN(J63,M63,P63))) -> 46066 | W63: 0 | X63: 0 | Y63: =+S63*W63/30 -> 0 | Z63: =IFERROR(IF(AND($S$1+W63-V63>0,(MAX(P63,M63,J63)<V63+W63)),"O",IF(OR(Y63-F63<=0,S63=0),"X","O")),0) -> X | AA63: =IFERROR(IF(U63="사용없음","X",IF(V63-U63>0,"O","X")),0) -> O | AB63: =IF(U63="사용없음",$AD$2,IF(T63=0,"-",IF(T63<=1,$AA$2,IF(AND(T63>1,T63<=4),$AB$2,$AD$2)))) -> A | AC63: =COUNTIF(BOM!B:B,원재료!B63) -> 3 | AD63: =IF(AND(AA63="X",AB63="C",AC63<2),"원료대체검토",IF(AND(AA63="X",AB63="C"),"소진계획필요","판매활성화")) -> 판매활성화 | AE63: 0 | AF63: 0 | AG63: 0 | AH63: 0 | AI63: 0 | AJ63: 0 | AK63: 0 | AL63: 0 | AM63: 0 | AN63: 0 | AO63: 0 | AP63: 0 | AQ63: =SUMIF(BOM!$B:$B,원재료!$B63,BOM!E:E) -> 0 | AR63: =SUMIF(BOM!$B:$B,원재료!$B63,BOM!F:F) -> 1.8 | AS63: =SUMIF(BOM!$B:$B,원재료!$B63,BOM!G:G) -> 1.8 | AT63: =SUMIF(BOM!$B:$B,원재료!$B63,BOM!H:H) -> 1.35 | AU63: =SUMIF(BOM!$B:$B,원재료!$B63,BOM!I:I) -> 0 | AV63: =SUMIF(BOM!$B:$B,원재료!$B63,BOM!J:J) -> 0 | AW63: =SUMIF(BOM!$B:$B,원재료!$B63,BOM!K:K) -> 0 | AX63: =SUMIF(BOM!$B:$B,원재료!$B63,BOM!L:L) -> 0 | AY63: =SUMIF(BOM!$B:$B,원재료!$B63,BOM!M:M) -> 0 | AZ63: =SUMIF(BOM!$B:$B,원재료!$B63,BOM!N:N) -> 0 | BA63: =SUMIF(BOM!$B:$B,원재료!$B63,BOM!O:O) -> 0 | BB63: =SUMIF(BOM!$B:$B,원재료!$B63,BOM!P:P) -> 0
A64: 원재료 | B64: 045044 | C64: 코리엔더파우더 은진물산(450g) | D64: 0.45kg | E64: 16991.111 | F64: =+H64+K64+N64 -> 4.04 | G64: =+E64*F64 -> 68644.089 | H64: =IFERROR(VLOOKUP(B64,'음성공장 재고장'!A:E,4,FALSE),0) -> 4.04 | I64: =+$E64*H64 -> 68644.089 | J64: =IFERROR(VLOOKUP(B64,'음성공장 재고장'!A:E,5,FALSE),0) -> 46075 | K64: =IFERROR(VLOOKUP(B64,'음성공장 재고장'!A:F,6,FALSE),0) -> 0 | L64: =+$E64*K64 -> 0 | M64: =IFERROR(VLOOKUP(B64,'음성공장 재고장'!A:G,7,FALSE),0) -> 없음 | Q64: =IFERROR(R64/E64,0) -> 0 | R64: =IFERROR(IF(OR(V64<U64,S64=0),G64-S64*E64*(ABS(MONTH($S$1)-MONTH(V64))),0),0) -> 0 | S64: =AVERAGE(AQ64:AU64) -> 1.15 | T64: =IFERROR(F64/S64,0) -> 3.5130435 | U64: =IF(H64=0,"재고없음",IF(S64=0,"사용없음",$S$1+T64*30)) -> 45908.391 | V64: =IF(F64=0,"재고없음",IF(AND(J64=0,M64=0,P64=0),"없음",MIN(J64,M64,P64))) -> 46075 | W64: 0 | X64: 0 | Y64: =+S64*W64/30 -> 0 | Z64: =IFERROR(IF(AND($S$1+W64-V64>0,(MAX(P64,M64,J64)<V64+W64)),"O",IF(OR(Y64-F64<=0,S64=0),"X","O")),0) -> X | AA64: =IFERROR(IF(U64="사용없음","X",IF(V64-U64>0,"O","X")),0) -> O | AB64: =IF(U64="사용없음",$AD$2,IF(T64=0,"-",IF(T64<=1,$AA$2,IF(AND(T64>1,T64<=4),$AB$2,$AD$2)))) -> B | AC64: =COUNTIF(BOM!B:B,원재료!B64) -> 3 | AD64: =IF(AND(AA64="X",AB64="C",AC64<2),"원료대체검토",IF(AND(AA64="X",AB64="C"),"소진계획필요","판매활성화")) -> 판매활성화 | AE64: 0 | AF64: 0 | AG64: 0 | AH64: 0 | AI64: 0 | AJ64: 0 | AK64: 0 | AL64: 0 | AM64: 0 | AN64: 0 | AO64: 0 | AP64: 0 | AQ64: =SUMIF(BOM!$B:$B,원재료!$B64,BOM!E:E) -> 0 | AR64: =SUMIF(BOM!$B:$B,원재료!$B64,BOM!F:F) -> 2.2 | AS64: =SUMIF(BOM!$B:$B,원재료!$B64,BOM!G:G) -> 2.2 | AT64: =SUMIF(BOM!$B:$B,원재료!$B64,BOM!H:H) -> 1.35 | AU64: =SUMIF(BOM!$B:$B,원재료!$B64,BOM!I:I) -> 0 | AV64: =SUMIF(BOM!$B:$B,원재료!$B64,BOM!J:J) -> 0 | AW64: =SUMIF(BOM!$B:$B,원재료!$B64,BOM!K:K) -> 0 | AX64: =SUMIF(BOM!$B:$B,원재료!$B64,BOM!L:L) -> 0 | AY64: =SUMIF(BOM!$B:$B,원재료!$B64,BOM!M:M) -> 0 | AZ64: =SUMIF(BOM!$B:$B,원재료!$B64,BOM!N:N) -> 0 | BA64: =SUMIF(BOM!$B:$B,원재료!$B64,BOM!O:O) -> 0 | BB64: =SUMIF(BOM!$B:$B,원재료!$B64,BOM!P:P) -> 0
A65: 원재료 | B65: 333459 | C65: 너겟용 배터믹스NP 삼지에프에스 | D65: 20 | E65: =40600/20 -> 2030 | F65: =+H65+K65+N65 -> 0 | G65: =+E65*F65 -> 0 | H65: =IFERROR(VLOOKUP(B65,'음성공장 재고장'!A:E,4,FALSE),0) -> 0 | I65: =+$E65*H65 -> 0 | J65: =IFERROR(VLOOKUP(B65,'음성공장 재고장'!A:E,5,FALSE),0) -> 없음 | K65: =IFERROR(VLOOKUP(B65,'음성공장 재고장'!A:F,6,FALSE),0) -> 0 | L65: =+$E65*K65 -> 0 | M65: =IFERROR(VLOOKUP(B65,'음성공장 재고장'!A:G,7,FALSE),0) -> 없음 | Q65: =IFERROR(R65/E65,0) -> 0 | R65: =IFERROR(IF(OR(V65<U65,S65=0),G65-S65*E65*(ABS(MONTH($S$1)-MONTH(V65))),0),0) -> 0 | S65: =AVERAGE(AQ65:AU65) -> 0 | T65: =IFERROR(F65/S65,0) -> 0 | U65: =IF(H65=0,"재고없음",IF(S65=0,"사용없음",$S$1+T65*30)) -> 재고없음 | V65: =IF(F65=0,"재고없음",IF(AND(J65=0,M65=0,P65=0),"없음",MIN(J65,M65,P65))) -> 재고없음 | W65: 0 | X65: 0 | Y65: =+S65*W65/30 -> 0 | Z65: =IFERROR(IF(AND($S$1+W65-V65>0,(MAX(P65,M65,J65)<V65+W65)),"O",IF(OR(Y65-F65<=0,S65=0),"X","O")),0) -> 0 | AA65: =IFERROR(IF(U65="사용없음","X",IF(V65-U65>0,"O","X")),0) -> 0 | AB65: =IF(U65="사용없음",$AD$2,IF(T65=0,"-",IF(T65<=1,$AA$2,IF(AND(T65>1,T65<=4),$AB$2,$AD$2)))) -> - | AC65: =COUNTIF(BOM!B:B,원재료!B65) -> 1 | AD65: =IF(AND(AA65="X",AB65="C",AC65<2),"원료대체검토",IF(AND(AA65="X",AB65="C"),"소진계획필요","판매활성화")) -> 판매활성화 | AE65: 0 | AF65: 0 | AG65: 0 | AH65: 0 | AI65: 0 | AJ65: 0 | AK65: 0 | AL65: 304.92 | AM65: 0 | AN65: 0 | AO65: 0 | AP65: 0 | AQ65: =SUMIF(BOM!$B:$B,원재료!$B65,BOM!E:E) -> 0 | AR65: =SUMIF(BOM!$B:$B,원재료!$B65,BOM!F:F) -> 0 | AS65: =SUMIF(BOM!$B:$B,원재료!$B65,BOM!G:G) -> 0 | AT65: =SUMIF(BOM!$B:$B,원재료!$B65,BOM!H:H) -> 0 | AU65: =SUMIF(BOM!$B:$B,원재료!$B65,BOM!I:I) -> 0 | AV65: =SUMIF(BOM!$B:$B,원재료!$B65,BOM!J:J) -> 0 | AW65: =SUMIF(BOM!$B:$B,원재료!$B65,BOM!K:K) -> 0 | AX65: =SUMIF(BOM!$B:$B,원재료!$B65,BOM!L:L) -> 0 | AY65: =SUMIF(BOM!$B:$B,원재료!$B65,BOM!M:M) -> 0 | AZ65: =SUMIF(BOM!$B:$B,원재료!$B65,BOM!N:N) -> 0 | BA65: =SUMIF(BOM!$B:$B,원재료!$B65,BOM!O:O) -> 0 | BB65: =SUMIF(BOM!$B:$B,원재료!$B65,BOM!P:P) -> 0
A66: 원재료 | B66: 315722 | C66: HME TVP OJAH 7.5kg | D66: 7.5 | E66: =83389/7.5 -> 11118.533 | F66: =+H66+K66+N66 -> 1575 | G66: =+E66*F66 -> 17511690 | H66: 1575 | I66: =+$E66*H66 -> 17511690 | J66: 45870 | K66: =IFERROR(VLOOKUP(B66,'음성공장 재고장'!A:F,6,FALSE),0) -> 0 | L66: =+$E66*K66 -> 0 | Q66: =IFERROR(R66/E66,0) -> 1575 | R66: =IFERROR(IF(OR(V66<U66,S66=0),G66-S66*E66*(ABS(MONTH($S$1)-MONTH(V66))),0),0) -> 17511690 | S66: =AVERAGE(AQ66:AU66) -> 0 | T66: =IFERROR(F66/S66,0) -> 0 | U66: =IF(H66=0,"재고없음",IF(S66=0,"사용없음",$S$1+T66*30)) -> 사용없음 | V66: =IF(F66=0,"재고없음",IF(AND(J66=0,M66=0,P66=0),"없음",MIN(J66,M66,P66))) -> 45870 | W66: 0 | X66: 0 | Y66: =+S66*W66/30 -> 0 | Z66: =IFERROR(IF(AND($S$1+W66-V66>0,(MAX(P66,M66,J66)<V66+W66)),"O",IF(OR(Y66-F66<=0,S66=0),"X","O")),0) -> X | AA66: =IFERROR(IF(U66="사용없음","X",IF(V66-U66>0,"O","X")),0) -> X | AB66: =IF(U66="사용없음",$AD$2,IF(T66=0,"-",IF(T66<=1,$AA$2,IF(AND(T66>1,T66<=4),$AB$2,$AD$2)))) -> C | AC66: =COUNTIF(BOM!B:B,원재료!B66) -> 0 | AD66: =IF(AND(AA66="X",AB66="C",AC66<2),"원료대체검토",IF(AND(AA66="X",AB66="C"),"소진계획필요","판매활성화")) -> 원료대체검토 | AE66: 0 | AF66: 0 | AG66: 0 | AH66: 0 | AI66: 0 | AJ66: 0 | AK66: 0 | AL66: 304.92 | AM66: 0 | AN66: 0 | AO66: 0 | AP66: 0 | AQ66: =SUMIF(BOM!$B:$B,원재료!$B66,BOM!E:E) -> 0 | AR66: =SUMIF(BOM!$B:$B,원재료!$B66,BOM!F:F) -> 0 | AS66: =SUMIF(BOM!$B:$B,원재료!$B66,BOM!G:G) -> 0 | AT66: =SUMIF(BOM!$B:$B,원재료!$B66,BOM!H:H) -> 0 | AU66: =SUMIF(BOM!$B:$B,원재료!$B66,BOM!I:I) -> 0 | AV66: =SUMIF(BOM!$B:$B,원재료!$B66,BOM!J:J) -> 0 | AW66: =SUMIF(BOM!$B:$B,원재료!$B66,BOM!K:K) -> 0 | AX66: =SUMIF(BOM!$B:$B,원재료!$B66,BOM!L:L) -> 0 | AY66: =SUMIF(BOM!$B:$B,원재료!$B66,BOM!M:M) -> 0 | AZ66: =SUMIF(BOM!$B:$B,원재료!$B66,BOM!N:N) -> 0 | BA66: =SUMIF(BOM!$B:$B,원재료!$B66,BOM!O:O) -> 0 | BB66: =SUMIF(BOM!$B:$B,원재료!$B66,BOM!P:P) -> 0
A67: 원재료(OEM) | B67: 323298 | C67: BM B베이스 | D67: 3 | E67: 15194 | F67: =+H67+K67+N67 -> 0 | G67: =+E67*F67 -> 0 | H67: 0 | I67: =+$E67*H67 -> 0 | J67: =IFERROR(VLOOKUP($B67,'음성공장 재고장'!$A:$E,5,FALSE),0) -> 없음 | L67: =+$E67*K67 -> 0 | O67: =+$E67*N67 -> 0 | Q67: =IFERROR(R67/E67,0) -> 0 | R67: =IFERROR(IF(OR(V67<U67,S67=0),G67-S67*E67*(ABS(MONTH($S$1)-MONTH(V67))),0),0) -> 0 | S67: =AVERAGE(AQ67:AU67) -> 8.91 | T67: =IFERROR(F67/S67,0) -> 0 | U67: =IF(H67=0,"재고없음",IF(S67=0,"사용없음",$S$1+T67*30)) -> 재고없음 | V67: =IF(F67=0,"재고없음",IF(AND(J67=0,M67=0,P67=0),"없음",MIN(J67,M67,P67))) -> 재고없음 | W67: 0 | X67: 0 | Y67: =+S67*W67/30 -> 0 | Z67: =IFERROR(IF(AND($S$1+W67-V67>0,(MAX(P67,M67,J67)<V67+W67)),"O",IF(OR(Y67-F67<=0,S67=0),"X","O")),0) -> 0 | AA67: =IFERROR(IF(U67="사용없음","X",IF(V67-U67>0,"O","X")),0) -> 0 | AB67: =IF(U67="사용없음",$AD$2,IF(T67=0,"-",IF(T67<=1,$AA$2,IF(AND(T67>1,T67<=4),$AB$2,$AD$2)))) -> - | AC67: =COUNTIF(BOM!B:B,원재료!B67) -> 1 | AD67: =IF(AND(AA67="X",AB67="C",AC67<2),"원료대체검토",IF(AND(AA67="X",AB67="C"),"소진계획필요","판매활성화")) -> 판매활성화 | AE67: 8.5 | AF67: 2.28912 | AG67: 31.3912 | AH67: 15.2608 | AI67: 0 | AJ67: 1 | AK67: 22.8912 | AL67: 76.78912 | AM67: 0 | AN67: 16 | AO67: 0 | AP67: 0 | AQ67: =SUMIF(BOM!$B:$B,원재료!$B67,BOM!E:E) -> 0 | AR67: =SUMIF(BOM!$B:$B,원재료!$B67,BOM!F:F) -> 44.55 | AS67: =SUMIF(BOM!$B:$B,원재료!$B67,BOM!G:G) -> 0 | AT67: =SUMIF(BOM!$B:$B,원재료!$B67,BOM!H:H) -> 0 | AU67: =SUMIF(BOM!$B:$B,원재료!$B67,BOM!I:I) -> 0 | AV67: =SUMIF(BOM!$B:$B,원재료!$B67,BOM!J:J) -> 0 | AW67: =SUMIF(BOM!$B:$B,원재료!$B67,BOM!K:K) -> 0 | AX67: =SUMIF(BOM!$B:$B,원재료!$B67,BOM!L:L) -> 0 | AY67: =SUMIF(BOM!$B:$B,원재료!$B67,BOM!M:M) -> 0 | AZ67: =SUMIF(BOM!$B:$B,원재료!$B67,BOM!N:N) -> 0 | BA67: =SUMIF(BOM!$B:$B,원재료!$B67,BOM!O:O) -> 0 | BB67: =SUMIF(BOM!$B:$B,원재료!$B67,BOM!P:P) -> 0
A68: 원재료(OEM) | B68: 323299 | C68: BM 마린 베이스 | D68: 3 | E68: 35666 | F68: =+H68+K68+N68 -> 84 | G68: =+E68*F68 -> 2995944 | H68: 84 | I68: =+$E68*H68 -> 2995944 | J68: 45901 | L68: =+$E68*K68 -> 0 | O68: =+$E68*N68 -> 0 | Q68: =IFERROR(R68/E68,0) -> 78.48 | R68: =IFERROR(IF(OR(V68<U68,S68=0),G68-S68*E68*(ABS(MONTH($S$1)-MONTH(V68))),0),0) -> 2799067.7 | S68: =AVERAGE(AQ68:AU68) -> 1.38 | T68: =IFERROR(F68/S68,0) -> 60.869565 | U68: =IF(H68=0,"재고없음",IF(S68=0,"사용없음",$S$1+T68*30)) -> 47629.087 | V68: =IF(F68=0,"재고없음",IF(AND(J68=0,M68=0,P68=0),"없음",MIN(J68,M68,P68))) -> 45901 | W68: 0 | X68: 0 | Y68: =+S68*W68/30 -> 0 | Z68: =IFERROR(IF(AND($S$1+W68-V68>0,(MAX(P68,M68,J68)<V68+W68)),"O",IF(OR(Y68-F68<=0,S68=0),"X","O")),0) -> X | AA68: =IFERROR(IF(U68="사용없음","X",IF(V68-U68>0,"O","X")),0) -> X | AB68: =IF(U68="사용없음",$AD$2,IF(T68=0,"-",IF(T68<=1,$AA$2,IF(AND(T68>1,T68<=4),$AB$2,$AD$2)))) -> C | AC68: =COUNTIF(BOM!B:B,원재료!B68) -> 1 | AD68: =IF(AND(AA68="X",AB68="C",AC68<2),"원료대체검토",IF(AND(AA68="X",AB68="C"),"소진계획필요","판매활성화")) -> 원료대체검토 | AE68: 55.2 | AF68: 121.9 | AG68: 0 | AH68: 0 | AI68: 0 | AJ68: 13.8 | AK68: 27.6 | AL68: 46 | AM68: 87.4 | AN68: 6.9 | AO68: 0 | AP68: 0 | AQ68: =SUMIF(BOM!$B:$B,원재료!$B68,BOM!E:E) -> 0 | AR68: =SUMIF(BOM!$B:$B,원재료!$B68,BOM!F:F) -> 6.9 | AS68: =SUMIF(BOM!$B:$B,원재료!$B68,BOM!G:G) -> 0 | AT68: =SUMIF(BOM!$B:$B,원재료!$B68,BOM!H:H) -> 0 | AU68: =SUMIF(BOM!$B:$B,원재료!$B68,BOM!I:I) -> 0 | AV68: =SUMIF(BOM!$B:$B,원재료!$B68,BOM!J:J) -> 0 | AW68: =SUMIF(BOM!$B:$B,원재료!$B68,BOM!K:K) -> 0 | AX68: =SUMIF(BOM!$B:$B,원재료!$B68,BOM!L:L) -> 0 | AY68: =SUMIF(BOM!$B:$B,원재료!$B68,BOM!M:M) -> 0 | AZ68: =SUMIF(BOM!$B:$B,원재료!$B68,BOM!N:N) -> 0 | BA68: =SUMIF(BOM!$B:$B,원재료!$B68,BOM!O:O) -> 0 | BB68: =SUMIF(BOM!$B:$B,원재료!$B68,BOM!P:P) -> 0
A69: 원재료(OEM) | B69: 320193 | C69: 베러테이스트VF ver1 | D69: 10 | E69: =61000/10 -> 6100 | F69: =+H69+K69+N69 -> 0 | G69: =+E69*F69 -> 0 | H69: =IFERROR(VLOOKUP($B69,'음성공장 재고장'!$A:$E,4,FALSE),0) -> 0 | I69: =+$E69*H69 -> 0 | J69: =IFERROR(VLOOKUP($B69,'음성공장 재고장'!$A:$E,5,FALSE),0) -> 없음 | K69: 0 | L69: =+$E69*K69 -> 0 | M69: 45776 | O69: =+$E69*N69 -> 0 | Q69: =IFERROR(R69/E69,0) -> 0 | R69: =IFERROR(IF(OR(V69<U69,S69=0),G69-S69*E69*(ABS(MONTH($S$1)-MONTH(V69))),0),0) -> 0 | S69: =AVERAGE(AQ69:AU69) -> 0 | T69: =IFERROR(F69/S69,0) -> 0 | U69: =IF(H69=0,"재고없음",IF(S69=0,"사용없음",$S$1+T69*30)) -> 재고없음 | V69: =IF(F69=0,"재고없음",IF(AND(J69=0,M69=0,P69=0),"없음",MIN(J69,M69,P69))) -> 재고없음 | W69: 0 | X69: 0 | Y69: =+S69*W69/30 -> 0 | Z69: =IFERROR(IF(AND($S$1+W69-V69>0,(MAX(P69,M69,J69)<V69+W69)),"O",IF(OR(Y69-F69<=0,S69=0),"X","O")),0) -> 0 | AA69: =IFERROR(IF(U69="사용없음","X",IF(V69-U69>0,"O","X")),0) -> 0 | AB69: =IF(U69="사용없음",$AD$2,IF(T69=0,"-",IF(T69<=1,$AA$2,IF(AND(T69>1,T69<=4),$AB$2,$AD$2)))) -> - | AC69: =COUNTIF(BOM!B:B,원재료!B69) -> 1 | AD69: =IF(AND(AA69="X",AB69="C",AC69<2),"원료대체검토",IF(AND(AA69="X",AB69="C"),"소진계획필요","판매활성화")) -> 판매활성화 | AE69: 0 | AF69: 8.01192 | AG69: 80.1192 | AH69: 53.4128 | AI69: 0 | AJ69: 0 | AK69: 80.1192 | AL69: 8.01192 | AM69: 0 | AN69: 0 | AO69: 0 | AP69: 0 | AQ69: =SUMIF(BOM!$B:$B,원재료!$B69,BOM!E:E) -> 0 | AR69: =SUMIF(BOM!$B:$B,원재료!$B69,BOM!F:F) -> 0 | AS69: =SUMIF(BOM!$B:$B,원재료!$B69,BOM!G:G) -> 0 | AT69: =SUMIF(BOM!$B:$B,원재료!$B69,BOM!H:H) -> 0 | AU69: =SUMIF(BOM!$B:$B,원재료!$B69,BOM!I:I) -> 0 | AV69: =SUMIF(BOM!$B:$B,원재료!$B69,BOM!J:J) -> 0 | AW69: =SUMIF(BOM!$B:$B,원재료!$B69,BOM!K:K) -> 0 | AX69: =SUMIF(BOM!$B:$B,원재료!$B69,BOM!L:L) -> 0 | AY69: =SUMIF(BOM!$B:$B,원재료!$B69,BOM!M:M) -> 0 | AZ69: =SUMIF(BOM!$B:$B,원재료!$B69,BOM!N:N) -> 0 | BA69: =SUMIF(BOM!$B:$B,원재료!$B69,BOM!O:O) -> 0 | BB69: =SUMIF(BOM!$B:$B,원재료!$B69,BOM!P:P) -> 0
A70: 원재료(OEM) | B70: 325062 | C70: 베러테이스트VF ver2 | D70: 10 | E70: =+E69 -> 6100 | F70: =+H70+K70+N70 -> 390 | G70: =+E70*F70 -> 2379000 | H70: =IFERROR(VLOOKUP($B70,'음성공장 재고장'!$A:$E,4,FALSE),0) -> 70 | I70: =+$E70*H70 -> 427000 | J70: 45990 | K70: 320 | L70: =+$E70*K70 -> 1952000 | M70: 45990 | O70: =+$E70*N70 -> 0 | Q70: =IFERROR(R70/E70,0) -> 390 | R70: =IFERROR(IF(OR(V70<U70,S70=0),G70-S70*E70*(ABS(MONTH($S$1)-MONTH(V70))),0),0) -> 2379000 | S70: =AVERAGE(AQ70:AU70) -> 0 | T70: =IFERROR(F70/S70,0) -> 0 | U70: =IF(H70=0,"재고없음",IF(S70=0,"사용없음",$S$1+T70*30)) -> 사용없음 | V70: =IF(F70=0,"재고없음",IF(AND(J70=0,M70=0,P70=0),"없음",MIN(J70,M70,P70))) -> 45990 | W70: 0 | X70: 0 | Y70: =+S70*W70/30 -> 0 | Z70: =IFERROR(IF(AND($S$1+W70-V70>0,(MAX(P70,M70,J70)<V70+W70)),"O",IF(OR(Y70-F70<=0,S70=0),"X","O")),0) -> X | AA70: =IFERROR(IF(U70="사용없음","X",IF(V70-U70>0,"O","X")),0) -> X | AB70: =IF(U70="사용없음",$AD$2,IF(T70=0,"-",IF(T70<=1,$AA$2,IF(AND(T70>1,T70<=4),$AB$2,$AD$2)))) -> C | AC70: =COUNTIF(BOM!B:B,원재료!B70) -> 1 | AD70: =IF(AND(AA70="X",AB70="C",AC70<2),"원료대체검토",IF(AND(AA70="X",AB70="C"),"소진계획필요","판매활성화")) -> 원료대체검토 | AE70: 0 | AF70: 0 | AG70: 0 | AH70: 0 | AI70: 0 | AJ70: 0 | AK70: 0 | AL70: 0 | AM70: 0 | AN70: 0 | AO70: 0 | AP70: 0 | AQ70: =SUMIF(BOM!$B:$B,원재료!$B70,BOM!E:E) -> 0 | AR70: =SUMIF(BOM!$B:$B,원재료!$B70,BOM!F:F) -> 0 | AS70: =SUMIF(BOM!$B:$B,원재료!$B70,BOM!G:G) -> 0 | AT70: =SUMIF(BOM!$B:$B,원재료!$B70,BOM!H:H) -> 0 | AU70: =SUMIF(BOM!$B:$B,원재료!$B70,BOM!I:I) -> 0 | AV70: =SUMIF(BOM!$B:$B,원재료!$B70,BOM!J:J) -> 0 | AW70: =SUMIF(BOM!$B:$B,원재료!$B70,BOM!K:K) -> 0 | AX70: =SUMIF(BOM!$B:$B,원재료!$B70,BOM!L:L) -> 0 | AY70: =SUMIF(BOM!$B:$B,원재료!$B70,BOM!M:M) -> 0 | AZ70: =SUMIF(BOM!$B:$B,원재료!$B70,BOM!N:N) -> 0 | BA70: =SUMIF(BOM!$B:$B,원재료!$B70,BOM!O:O) -> 0 | BB70: =SUMIF(BOM!$B:$B,원재료!$B70,BOM!P:P) -> 0
A71: 부자재 | B71: 253602 | C71: 베러미트 프리믹스 소 삼방파우치 음성 | E71: 120 | F71: =+H71+K71+N71 -> 21767.6 | G71: =+E71*F71 -> 2612112 | H71: 21767.6 | I71: =+$E71*H71 -> 2612112 | L71: =+$E71*K71 -> 0 | O71: =+$E71*N71 -> 0 | Q71: =IFERROR(R71/E71,0) -> 0 | R71: =IFERROR(IF(OR(V71<U71,S71=0),G71-S71*E71*(ABS(MONTH($S$1)-MONTH(V71))),0),0) -> 0 | S71: =AVERAGE(AQ71:AU71) -> 0 | T71: =IFERROR(F71/S71,0) -> 0 | U71: =IF(H71=0,"재고없음",IF(S71=0,"사용없음",$S$1+T71*30)) -> 사용없음 | V71: =IF(F71=0,"재고없음",IF(AND(J71=0,M71=0,P71=0),"없음",MIN(J71,M71,P71))) -> 없음 | W71: 0 | X71: 0 | Y71: =+S71*W71/30 -> 0 | Z71: =IFERROR(IF(AND($S$1+W71-V71>0,(MAX(P71,M71,J71)<V71+W71)),"O",IF(OR(Y71-F71<=0,S71=0),"X","O")),0) -> 0 | AA71: =IFERROR(IF(U71="사용없음","X",IF(V71-U71>0,"O","X")),0) -> X | AB71: =IF(U71="사용없음",$AD$2,IF(T71=0,"-",IF(T71<=1,$AA$2,IF(AND(T71>1,T71<=4),$AB$2,$AD$2)))) -> C | AC71: =COUNTIF(BOM!B:B,원재료!B71) -> 0 | AD71: =IF(AND(AA71="X",AB71="C",AC71<2),"원료대체검토",IF(AND(AA71="X",AB71="C"),"소진계획필요","판매활성화")) -> 원료대체검토 | AE71: 0 | AF71: 0 | AG71: 0 | AH71: 0 | AI71: 0 | AJ71: 0 | AK71: 0 | AL71: 0 | AM71: 0 | AN71: 0 | AO71: 0 | AP71: 0 | AQ71: =SUMIF(BOM!$B:$B,원재료!$B71,BOM!E:E) -> 0 | AR71: =SUMIF(BOM!$B:$B,원재료!$B71,BOM!F:F) -> 0 | AS71: =SUMIF(BOM!$B:$B,원재료!$B71,BOM!G:G) -> 0 | AT71: =SUMIF(BOM!$B:$B,원재료!$B71,BOM!H:H) -> 0 | AU71: =SUMIF(BOM!$B:$B,원재료!$B71,BOM!I:I) -> 0 | AV71: =SUMIF(BOM!$B:$B,원재료!$B71,BOM!J:J) -> 0 | AW71: =SUMIF(BOM!$B:$B,원재료!$B71,BOM!K:K) -> 0 | AX71: =SUMIF(BOM!$B:$B,원재료!$B71,BOM!L:L) -> 0 | AY71: =SUMIF(BOM!$B:$B,원재료!$B71,BOM!M:M) -> 0 | AZ71: =SUMIF(BOM!$B:$B,원재료!$B71,BOM!N:N) -> 0 | BA71: =SUMIF(BOM!$B:$B,원재료!$B71,BOM!O:O) -> 0 | BB71: =SUMIF(BOM!$B:$B,원재료!$B71,BOM!P:P) -> 0
A72: 부자재 | B72: 253603 | C72: 베러미트 프리믹스 대 삼방파우치 음성 | E72: 220 | F72: =+H72+K72+N72 -> 7400 | G72: =+E72*F72 -> 1628000 | H72: 7400 | I72: =+$E72*H72 -> 1628000 | L72: =+$E72*K72 -> 0 | O72: =+$E72*N72 -> 0 | Q72: =IFERROR(R72/E72,0) -> 0 | R72: =IFERROR(IF(OR(V72<U72,S72=0),G72-S72*E72*(ABS(MONTH($S$1)-MONTH(V72))),0),0) -> 0 | S72: =AVERAGE(AQ72:AU72) -> 0 | T72: =IFERROR(F72/S72,0) -> 0 | U72: =IF(H72=0,"재고없음",IF(S72=0,"사용없음",$S$1+T72*30)) -> 사용없음 | V72: =IF(F72=0,"재고없음",IF(AND(J72=0,M72=0,P72=0),"없음",MIN(J72,M72,P72))) -> 없음 | W72: 0 | X72: 0 | Y72: =+S72*W72/30 -> 0 | Z72: =IFERROR(IF(AND($S$1+W72-V72>0,(MAX(P72,M72,J72)<V72+W72)),"O",IF(OR(Y72-F72<=0,S72=0),"X","O")),0) -> 0 | AA72: =IFERROR(IF(U72="사용없음","X",IF(V72-U72>0,"O","X")),0) -> X | AB72: =IF(U72="사용없음",$AD$2,IF(T72=0,"-",IF(T72<=1,$AA$2,IF(AND(T72>1,T72<=4),$AB$2,$AD$2)))) -> C | AC72: =COUNTIF(BOM!B:B,원재료!B72) -> 3 | AD72: =IF(AND(AA72="X",AB72="C",AC72<2),"원료대체검토",IF(AND(AA72="X",AB72="C"),"소진계획필요","판매활성화")) -> 소진계획필요 | AE72: 0 | AF72: 0 | AG72: 0 | AH72: 0 | AI72: 0 | AJ72: 0 | AK72: 0 | AL72: 0 | AM72: 0 | AN72: 0 | AO72: 0 | AP72: 0 | AQ72: =SUMIF(BOM!$B:$B,원재료!$B72,BOM!E:E) -> 0 | AR72: =SUMIF(BOM!$B:$B,원재료!$B72,BOM!F:F) -> 0 | AS72: =SUMIF(BOM!$B:$B,원재료!$B72,BOM!G:G) -> 0 | AT72: =SUMIF(BOM!$B:$B,원재료!$B72,BOM!H:H) -> 0 | AU72: =SUMIF(BOM!$B:$B,원재료!$B72,BOM!I:I) -> 0 | AV72: =SUMIF(BOM!$B:$B,원재료!$B72,BOM!J:J) -> 0 | AW72: =SUMIF(BOM!$B:$B,원재료!$B72,BOM!K:K) -> 0 | AX72: =SUMIF(BOM!$B:$B,원재료!$B72,BOM!L:L) -> 0 | AY72: =SUMIF(BOM!$B:$B,원재료!$B72,BOM!M:M) -> 0 | AZ72: =SUMIF(BOM!$B:$B,원재료!$B72,BOM!N:N) -> 0 | BA72: =SUMIF(BOM!$B:$B,원재료!$B72,BOM!O:O) -> 0 | BB72: =SUMIF(BOM!$B:$B,원재료!$B72,BOM!P:P) -> 0
A73: 부자재 | B73: 241531 | C73: 바게트 용기 리드필름 (순댇) | E73: 80000 | F73: =+H73+K73+N73 -> 11 | G73: =+E73*F73 -> 880000 | H73: 11 | I73: =+$E73*H73 -> 880000 | L73: =+$E73*K73 -> 0 | O73: =+$E73*N73 -> 0 | S73: =AVERAGE(AQ73:AU73) -> 0 | T73: =IFERROR(F73/S73,0) -> 0 | U73: =IF(H73=0,"재고없음",IF(S73=0,"사용없음",$S$1+T73*30)) -> 사용없음 | V73: =IF(F73=0,"재고없음",IF(AND(J73=0,M73=0,P73=0),"없음",MIN(J73,M73,P73))) -> 없음 | W73: 0 | X73: 0 | Y73: =+S73*W73/30 -> 0 | Z73: =IFERROR(IF(AND($S$1+W73-V73>0,(MAX(P73,M73,J73)<V73+W73)),"O",IF(OR(Y73-F73<=0,S73=0),"X","O")),0) -> 0 | AA73: =IFERROR(IF(U73="사용없음","X",IF(V73-U73>0,"O","X")),0) -> X | AB73: =IF(U73="사용없음",$AD$2,IF(T73=0,"-",IF(T73<=1,$AA$2,IF(AND(T73>1,T73<=4),$AB$2,$AD$2)))) -> C | AC73: =COUNTIF(BOM!B:B,원재료!B73) -> 2 | AD73: =IF(AND(AA73="X",AB73="C",AC73<2),"원료대체검토",IF(AND(AA73="X",AB73="C"),"소진계획필요","판매활성화")) -> 소진계획필요 | AE73: 0 | AF73: 0 | AG73: 0 | AH73: 0 | AI73: 0 | AJ73: 0 | AK73: 0 | AL73: 0 | AM73: 0 | AN73: 0 | AO73: 0 | AP73: 0 | AQ73: =SUMIF(BOM!$B:$B,원재료!$B73,BOM!E:E) -> 0 | AR73: =SUMIF(BOM!$B:$B,원재료!$B73,BOM!F:F) -> 0 | AS73: =SUMIF(BOM!$B:$B,원재료!$B73,BOM!G:G) -> 0 | AT73: =SUMIF(BOM!$B:$B,원재료!$B73,BOM!H:H) -> 0 | AU73: =SUMIF(BOM!$B:$B,원재료!$B73,BOM!I:I) -> 0 | AV73: =SUMIF(BOM!$B:$B,원재료!$B73,BOM!J:J) -> 0 | AW73: =SUMIF(BOM!$B:$B,원재료!$B73,BOM!K:K) -> 0 | AX73: =SUMIF(BOM!$B:$B,원재료!$B73,BOM!L:L) -> 0 | AY73: =SUMIF(BOM!$B:$B,원재료!$B73,BOM!M:M) -> 0 | AZ73: =SUMIF(BOM!$B:$B,원재료!$B73,BOM!N:N) -> 0 | BA73: =SUMIF(BOM!$B:$B,원재료!$B73,BOM!O:O) -> 0 | BB73: =SUMIF(BOM!$B:$B,원재료!$B73,BOM!P:P) -> 0
A74: 부자재 | B74: 326082 | C74: [YWE]식물성 민스(영문 버전) 스티커 | E74: 80 | F74: =+H74+K74+N74 -> 4764 | G74: =+E74*F74 -> 381120 | H74: 4764 | I74: =+$E74*H74 -> 381120 | L74: =+$E74*K74 -> 0 | O74: =+$E74*N74 -> 0 | Q74: =IFERROR(R74/E74,0) -> 0 | R74: =IFERROR(IF(OR(V74<U74,S74=0),G74-S74*E74*(ABS(MONTH($S$1)-MONTH(V74))),0),0) -> 0 | S74: =AVERAGE(AQ74:AU74) -> 0 | T74: =IFERROR(F74/S74,0) -> 0 | U74: =IF(H74=0,"재고없음",IF(S74=0,"사용없음",$S$1+T74*30)) -> 사용없음 | V74: =IF(F74=0,"재고없음",IF(AND(J74=0,M74=0,P74=0),"없음",MIN(J74,M74,P74))) -> 없음 | W74: 0 | X74: 0 | Y74: =+S74*W74/30 -> 0 | Z74: =IFERROR(IF(AND($S$1+W74-V74>0,(MAX(P74,M74,J74)<V74+W74)),"O",IF(OR(Y74-F74<=0,S74=0),"X","O")),0) -> 0 | AA74: =IFERROR(IF(U74="사용없음","X",IF(V74-U74>0,"O","X")),0) -> X | AB74: =IF(U74="사용없음",$AD$2,IF(T74=0,"-",IF(T74<=1,$AA$2,IF(AND(T74>1,T74<=4),$AB$2,$AD$2)))) -> C | AC74: =COUNTIF(BOM!B:B,원재료!B74) -> 0 | AD74: =IF(AND(AA74="X",AB74="C",AC74<2),"원료대체검토",IF(AND(AA74="X",AB74="C"),"소진계획필요","판매활성화")) -> 원료대체검토 | AE74: 0 | AF74: 0 | AG74: 0 | AH74: 0 | AI74: 0 | AJ74: 0 | AK74: 0 | AL74: 0 | AM74: 0 | AN74: 0 | AO74: 0 | AP74: 0 | AQ74: =SUMIF(BOM!$B:$B,원재료!$B74,BOM!E:E) -> 0 | AR74: =SUMIF(BOM!$B:$B,원재료!$B74,BOM!F:F) -> 0 | AS74: =SUMIF(BOM!$B:$B,원재료!$B74,BOM!G:G) -> 0 | AT74: =SUMIF(BOM!$B:$B,원재료!$B74,BOM!H:H) -> 0 | AU74: =SUMIF(BOM!$B:$B,원재료!$B74,BOM!I:I) -> 0 | AV74: =SUMIF(BOM!$B:$B,원재료!$B74,BOM!J:J) -> 0 | AW74: =SUMIF(BOM!$B:$B,원재료!$B74,BOM!K:K) -> 0 | AX74: =SUMIF(BOM!$B:$B,원재료!$B74,BOM!L:L) -> 0 | AY74: =SUMIF(BOM!$B:$B,원재료!$B74,BOM!M:M) -> 0 | AZ74: =SUMIF(BOM!$B:$B,원재료!$B74,BOM!N:N) -> 0 | BA74: =SUMIF(BOM!$B:$B,원재료!$B74,BOM!O:O) -> 0 | BB74: =SUMIF(BOM!$B:$B,원재료!$B74,BOM!P:P) -> 0
A75: 부자재 | B75: 326106 | C75: YWE 식물성 민스 4KG 외박스 음성 | E75: 435 | F75: =+H75+K75+N75 -> 65 | G75: =+E75*F75 -> 28275 | H75: 65 | I75: =+$E75*H75 -> 28275 | L75: =+$E75*K75 -> 0 | O75: =+$E75*N75 -> 0 | Q75: =IFERROR(R75/E75,0) -> 0 | R75: =IFERROR(IF(OR(V75<U75,S75=0),G75-S75*E75*(ABS(MONTH($S$1)-MONTH(V75))),0),0) -> 0 | S75: =AVERAGE(AQ75:AU75) -> 0 | T75: =IFERROR(F75/S75,0) -> 0 | U75: =IF(H75=0,"재고없음",IF(S75=0,"사용없음",$S$1+T75*30)) -> 사용없음 | V75: =IF(F75=0,"재고없음",IF(AND(J75=0,M75=0,P75=0),"없음",MIN(J75,M75,P75))) -> 없음 | W75: 0 | X75: 0 | Y75: =+S75*W75/30 -> 0 | Z75: =IFERROR(IF(AND($S$1+W75-V75>0,(MAX(P75,M75,J75)<V75+W75)),"O",IF(OR(Y75-F75<=0,S75=0),"X","O")),0) -> 0 | AA75: =IFERROR(IF(U75="사용없음","X",IF(V75-U75>0,"O","X")),0) -> X | AB75: =IF(U75="사용없음",$AD$2,IF(T75=0,"-",IF(T75<=1,$AA$2,IF(AND(T75>1,T75<=4),$AB$2,$AD$2)))) -> C | AC75: =COUNTIF(BOM!B:B,원재료!B75) -> 0 | AD75: =IF(AND(AA75="X",AB75="C",AC75<2),"원료대체검토",IF(AND(AA75="X",AB75="C"),"소진계획필요","판매활성화")) -> 원료대체검토 | AE75: 0 | AF75: 0 | AG75: 0 | AH75: 0 | AI75: 0 | AJ75: 0 | AK75: 0 | AL75: 0 | AM75: 0 | AN75: 0 | AO75: 0 | AP75: 0 | AQ75: =SUMIF(BOM!$B:$B,원재료!$B75,BOM!E:E) -> 0 | AR75: =SUMIF(BOM!$B:$B,원재료!$B75,BOM!F:F) -> 0 | AS75: =SUMIF(BOM!$B:$B,원재료!$B75,BOM!G:G) -> 0 | AT75: =SUMIF(BOM!$B:$B,원재료!$B75,BOM!H:H) -> 0 | AU75: =SUMIF(BOM!$B:$B,원재료!$B75,BOM!I:I) -> 0 | AV75: =SUMIF(BOM!$B:$B,원재료!$B75,BOM!J:J) -> 0 | AW75: =SUMIF(BOM!$B:$B,원재료!$B75,BOM!K:K) -> 0 | AX75: =SUMIF(BOM!$B:$B,원재료!$B75,BOM!L:L) -> 0 | AY75: =SUMIF(BOM!$B:$B,원재료!$B75,BOM!M:M) -> 0 | AZ75: =SUMIF(BOM!$B:$B,원재료!$B75,BOM!N:N) -> 0 | BA75: =SUMIF(BOM!$B:$B,원재료!$B75,BOM!O:O) -> 0 | BB75: =SUMIF(BOM!$B:$B,원재료!$B75,BOM!P:P) -> 0
A76: 부자재 | B76: 326580 | C76: YWE 소시지패티 외박스 | E76: 420 | F76: =+H76+K76+N76 -> 72 | G76: =+E76*F76 -> 30240 | H76: 72 | I76: =+$E76*H76 -> 30240 | L76: =+$E76*K76 -> 0 | O76: =+$E76*N76 -> 0 | Q76: =IFERROR(R76/E76,0) -> 0 | R76: =IFERROR(IF(OR(V76<U76,S76=0),G76-S76*E76*(ABS(MONTH($S$1)-MONTH(V76))),0),0) -> 0 | S76: =AVERAGE(AQ76:AU76) -> 0 | T76: =IFERROR(F76/S76,0) -> 0 | U76: =IF(H76=0,"재고없음",IF(S76=0,"사용없음",$S$1+T76*30)) -> 사용없음 | V76: =IF(F76=0,"재고없음",IF(AND(J76=0,M76=0,P76=0),"없음",MIN(J76,M76,P76))) -> 없음 | W76: 0 | X76: 0 | Y76: =+S76*W76/30 -> 0 | Z76: =IFERROR(IF(AND($S$1+W76-V76>0,(MAX(P76,M76,J76)<V76+W76)),"O",IF(OR(Y76-F76<=0,S76=0),"X","O")),0) -> 0 | AA76: =IFERROR(IF(U76="사용없음","X",IF(V76-U76>0,"O","X")),0) -> X | AB76: =IF(U76="사용없음",$AD$2,IF(T76=0,"-",IF(T76<=1,$AA$2,IF(AND(T76>1,T76<=4),$AB$2,$AD$2)))) -> C | AC76: =COUNTIF(BOM!B:B,원재료!B76) -> 0 | AD76: =IF(AND(AA76="X",AB76="C",AC76<2),"원료대체검토",IF(AND(AA76="X",AB76="C"),"소진계획필요","판매활성화")) -> 원료대체검토 | AE76: 0 | AF76: 0 | AG76: 0 | AH76: 0 | AI76: 0 | AJ76: 0 | AK76: 0 | AL76: 0 | AM76: 0 | AN76: 0 | AO76: 0 | AP76: 0 | AQ76: =SUMIF(BOM!$B:$B,원재료!$B76,BOM!E:E) -> 0 | AR76: =SUMIF(BOM!$B:$B,원재료!$B76,BOM!F:F) -> 0 | AS76: =SUMIF(BOM!$B:$B,원재료!$B76,BOM!G:G) -> 0 | AT76: =SUMIF(BOM!$B:$B,원재료!$B76,BOM!H:H) -> 0 | AU76: =SUMIF(BOM!$B:$B,원재료!$B76,BOM!I:I) -> 0 | AV76: =SUMIF(BOM!$B:$B,원재료!$B76,BOM!J:J) -> 0 | AW76: =SUMIF(BOM!$B:$B,원재료!$B76,BOM!K:K) -> 0 | AX76: =SUMIF(BOM!$B:$B,원재료!$B76,BOM!L:L) -> 0 | AY76: =SUMIF(BOM!$B:$B,원재료!$B76,BOM!M:M) -> 0 | AZ76: =SUMIF(BOM!$B:$B,원재료!$B76,BOM!N:N) -> 0 | BA76: =SUMIF(BOM!$B:$B,원재료!$B76,BOM!O:O) -> 0 | BB76: =SUMIF(BOM!$B:$B,원재료!$B76,BOM!P:P) -> 0
A77: 부자재 | B77: 326581 | C77: YWE 식물성 미트볼 외박스 | E77: 415 | F77: =+H77+K77+N77 -> 71 | G77: =+E77*F77 -> 29465 | H77: 71 | I77: =+$E77*H77 -> 29465 | L77: =+$E77*K77 -> 0 | O77: =+$E77*N77 -> 0 | Q77: =IFERROR(R77/E77,0) -> 0 | R77: =IFERROR(IF(OR(V77<U77,S77=0),G77-S77*E77*(ABS(MONTH($S$1)-MONTH(V77))),0),0) -> 0 | S77: =AVERAGE(AQ77:AU77) -> 0 | T77: =IFERROR(F77/S77,0) -> 0 | U77: =IF(H77=0,"재고없음",IF(S77=0,"사용없음",$S$1+T77*30)) -> 사용없음 | V77: =IF(F77=0,"재고없음",IF(AND(J77=0,M77=0,P77=0),"없음",MIN(J77,M77,P77))) -> 없음 | W77: 0 | X77: 0 | Y77: =+S77*W77/30 -> 0 | Z77: =IFERROR(IF(AND($S$1+W77-V77>0,(MAX(P77,M77,J77)<V77+W77)),"O",IF(OR(Y77-F77<=0,S77=0),"X","O")),0) -> 0 | AA77: =IFERROR(IF(U77="사용없음","X",IF(V77-U77>0,"O","X")),0) -> X | AB77: =IF(U77="사용없음",$AD$2,IF(T77=0,"-",IF(T77<=1,$AA$2,IF(AND(T77>1,T77<=4),$AB$2,$AD$2)))) -> C | AC77: =COUNTIF(BOM!B:B,원재료!B77) -> 0 | AD77: =IF(AND(AA77="X",AB77="C",AC77<2),"원료대체검토",IF(AND(AA77="X",AB77="C"),"소진계획필요","판매활성화")) -> 원료대체검토 | AE77: 0 | AF77: 0 | AG77: 0 | AH77: 0 | AI77: 0 | AJ77: 0 | AK77: 0 | AL77: 0 | AM77: 0 | AN77: 0 | AO77: 0 | AP77: 0 | AQ77: =SUMIF(BOM!$B:$B,원재료!$B77,BOM!E:E) -> 0 | AR77: =SUMIF(BOM!$B:$B,원재료!$B77,BOM!F:F) -> 0 | AS77: =SUMIF(BOM!$B:$B,원재료!$B77,BOM!G:G) -> 0 | AT77: =SUMIF(BOM!$B:$B,원재료!$B77,BOM!H:H) -> 0 | AU77: =SUMIF(BOM!$B:$B,원재료!$B77,BOM!I:I) -> 0 | AV77: =SUMIF(BOM!$B:$B,원재료!$B77,BOM!J:J) -> 0 | AW77: =SUMIF(BOM!$B:$B,원재료!$B77,BOM!K:K) -> 0 | AX77: =SUMIF(BOM!$B:$B,원재료!$B77,BOM!L:L) -> 0 | AY77: =SUMIF(BOM!$B:$B,원재료!$B77,BOM!M:M) -> 0 | AZ77: =SUMIF(BOM!$B:$B,원재료!$B77,BOM!N:N) -> 0 | BA77: =SUMIF(BOM!$B:$B,원재료!$B77,BOM!O:O) -> 0 | BB77: =SUMIF(BOM!$B:$B,원재료!$B77,BOM!P:P) -> 0
